Workbook

Sheet Read Me
A1: This file contains data presented in the manuscript "Photochemical Processing of Dissolved Organic Matter from a Major Arctic River at Contrasting Hydrograph Stages."
A2: The data are organized in separate sheets as indicated on the tabs below. Associated units are provided in parentheses, either on the tab name or within the data tables.
A3: Consistent cell coloring is used to represent the Spring freshet (green), Late summer (blue), and Under-ice (red) UV exposure experiments.
A4: A brief description of the data is provided below. For methodological details, please refer to the "Methods" section of the manuscript and the "Supporting Information."
A5: For questions, please contact: Kyle J. Turner, Email: kturner@ccny.cuny.edu
A7: Irradiance (mW (m^2)^-1 nm^-1) | B7: The UV irradiance spectrum for the three experiment years, corrected for bottle scattering effects and adjusted using the measured PAR at each bottle position
A8: UV exposure calculations | B8: Calculations made to estimate the cumulative UV exposure of the irradiated samples over the course of each experiment, taking into account the varying optical pathlength and measured CDOM absorption at each time point.
A9: aCDOM (m^-1) | B9: Measured spectral absorption by CDOM relative to DI water, with NIR null correction applied, from 240-700 nm, for each experiment time point.
A10: EEMs (RU) | B10: Measured fluorescence Excitation-Emission Matrices (EEMs), with pure water correction and inner filter correction applied and scattering regions removed.
A11: DOC (mg L^-1) | B11: Measured pre- and post-exposure dissolved organic carbon concentrations for each experiment.
A12: Lignin | B12: Measured pre- and post-exposure lignin parameters for each experiment.
A13: FT ICR-MS | B13: Measured pre- and post-exposure FT ICR-MS parameters (weight-averaged) for each experiment.

Sheet Irradiance (mW (m^2)^-1 nm^-1)
A1: Wavelength (nm) | B1: 2022 spectrum corrected for Teflon bottle transmission | C1: Corrected spectrum adjusted for 2023 PAR=10.39 | D1: Corrected spectrum adjusted for 2024 PAR=10.45
A2: 284 | B2: 0.85898095 | C2: =B2*(10.39/10.8) -> 0.82637149 | D2: =B2*(10.45/10.8) -> 0.8311436
A3: 285 | B3: 0.85892188 | C3: =B3*(10.39/10.8) -> 0.82631466 | D3: =B3*(10.45/10.8) -> 0.83108645
A4: 286 | B4: 0.89238679 | C4: =B4*(10.39/10.8) -> 0.85850914 | D4: =B4*(10.45/10.8) -> 0.86346685
A5: 287 | B5: 0.8502326 | C5: =B5*(10.39/10.8) -> 0.81795525 | D5: =B5*(10.45/10.8) -> 0.82267876
A6: 288 | B6: 0.93964985 | C6: =B6*(10.39/10.8) -> 0.90397796 | D6: =B6*(10.45/10.8) -> 0.90919824
A7: 289 | B7: 1.376352 | C7: =B7*(10.39/10.8) -> 1.3241016 | D7: =B7*(10.45/10.8) -> 1.331748
A8: 290 | B8: 0.98032935 | C8: =B8*(10.39/10.8) -> 0.94311315 | D8: =B8*(10.45/10.8) -> 0.94855942
A9: 291 | B9: 1.0872886 | C9: =B9*(10.39/10.8) -> 1.0460119 | D9: =B9*(10.45/10.8) -> 1.0520524
A10: 292 | B10: 1.2893112 | C10: =B10*(10.39/10.8) -> 1.2403651 | D10: =B10*(10.45/10.8) -> 1.247528
A11: 293 | B11: 1.533658 | C11: =B11*(10.39/10.8) -> 1.4754358 | D11: =B11*(10.45/10.8) -> 1.4839561
A12: 294 | B12: 1.8848322 | C12: =B12*(10.39/10.8) -> 1.8132784 | D12: =B12*(10.45/10.8) -> 1.8237496
A13: 295 | B13: 2.4965221 | C13: =B13*(10.39/10.8) -> 2.4017468 | D13: =B13*(10.45/10.8) -> 2.4156163
... A118: 400 | B118: 24.883493 | C118: =B118*(10.39/10.8) -> 23.938842 | D118: =B118*(10.45/10.8) -> 24.077083

Sheet UV exposure calculations
B1: 2022 (Late summer) | G1: 2023 (Spring freshet) | O1: 2024 (Under-ice)
C2: t0-t1 | D2: t1-t3 | E2: t3-t6 | F2: t6-t7 | H2: t0-t1 | I2: t1-t2 | J2: t2-t3 | K2: t3-t4 | L2: t4-t7 | M2: t7-t8 | N2: t8-t10 | P2: t0-t1 | Q2: t1-t2 | R2: t2-t4 | S2: t4-t5 | T2: t5-t6
A3: Volume (mL) | C3: 149.9 | D3: 142.9 | E3: 139.8 | F3: 133.75 | H3: 150 | I3: 144 | J3: 138 | K3: 132 | L3: 126 | M3: 120 | N3: 114 | P3: 150 | Q3: 144 | R3: 138 | S3: 132 | T3: 126
A4: Pathlength (m) | C4: =C3*(0.04/100) -> 0.05996 | D4: =D3*(0.04/100) -> 0.05716 | E4: =E3*(0.04/100) -> 0.05592 | F4: =F3*(0.04/100) -> 0.0535 | H4: =H3*(0.04/100) -> 0.06 | I4: =I3*(0.04/100) -> 0.0576 | J4: =J3*(0.04/100) -> 0.0552 | K4: =K3*(0.04/100) -> 0.0528 | L4: =L3*(0.04/100) -> 0.0504 | M4: =M3*(0.04/100) -> 0.048 | N4: =N3*(0.04/100) -> 0.0456 | P4: =P3*(0.04/100) -> 0.06 | Q4: =Q3*(0.04/100) -> 0.0576 | R4: =R3*(0.04/100) -> 0.0552 | S4: =S3*(0.04/100) -> 0.0528 | T4: =T3*(0.04/100) -> 0.0504
A5: Average UV (W/m2) | C5: {=0.001*SUMPRODUCT('Irradiance (mW (m^2)^-1 nm^-1)'!$B2:$B118,(1-EXP(-C4*(B9:B125*C9:C125)^0.5))/(C4*(B9:B125*C9:C125)^0.5))} -> 13.519441 | D5: {=0.001*SUMPRODUCT('Irradiance (mW (m^2)^-1 nm^-1)'!$B2:$B118,(1-EXP(-D4*(C9:C125*D9:D125)^0.5))/(D4*(C9:C125*D9:D125)^0.5))} -> 14.088496 | E5: {=0.001*SUMPRODUCT('Irradiance (mW (m^2)^-1 nm^-1)'!$B2:$B118,(1-EXP(-E4*(D9:D125*E9:E125)^0.5))/(E4*(D9:D125*E9:E125)^0.5))} -> 14.653136 | F5: {=0.001*SUMPRODUCT('Irradiance (mW (m^2)^-1 nm^-1)'!$B2:$B118,(1-EXP(-F4*(E9:E125*F9:F125)^0.5))/(F4*(E9:E125*F9:F125)^0.5))} -> 15.006611 | H5: {=0.001*SUMPRODUCT('Irradiance (mW (m^2)^-1 nm^-1)'!$C2:$C118,(1-EXP(-H4*(G9:G125*H9:H125)^0.5))/(H4*(G9:G125*H9:H125)^0.5))} -> 8.7754125 | I5: {=0.001*SUMPRODUCT('Irradiance (mW (m^2)^-1 nm^-1)'!$C2:$C118,(1-EXP(-I4*(H9:H125*I9:I125)^0.5))/(I4*(H9:H125*I9:I125)^0.5))} -> 9.4714502 | J5: {=0.001*SUMPRODUCT('Irradiance (mW (m^2)^-1 nm^-1)'!$C2:$C118,(1-EXP(-J4*(I9:I125*J9:J125)^0.5))/(J4*(I9:I125*J9:J125)^0.5))} -> 10.081885 | K5: {=0.001*SUMPRODUCT('Irradiance (mW (m^2)^-1 nm^-1)'!$C2:$C118,(1-EXP(-K4*(J9:J125*K9:K125)^0.5))/(K4*(J9:J125*K9:K125)^0.5))} -> 10.592205 | L5: {=0.001*SUMPRODUCT('Irradiance (mW (m^2)^-1 nm^-1)'!$C2:$C118,(1-EXP(-L4*(K9:K125*L9:L125)^0.5))/(L4*(K9:K125*L9:L125)^0.5))} -> 11.281777 | M5: {=0.001*SUMPRODUCT('Irradiance (mW (m^2)^-1 nm^-1)'!$C2:$C118,(1-EXP(-M4*(L9:L125*M9:M125)^0.5))/(M4*(L9:L125*M9:M125)^0.5))} -> 11.930492 | N5: {=0.001*SUMPRODUCT('Irradiance (mW (m^2)^-1 nm^-1)'!$C2:$C118,(1-EXP(-N4*(M9:M125*N9:N125)^0.5))/(N4*(M9:M125*N9:N125)^0.5))} -> 12.389918 | P5: {=0.001*SUMPRODUCT('Irradiance (mW (m^2)^-1 nm^-1)'!$D2:$D118,(1-EXP(-P4*(O9:O125*P9:P125)^0.5))/(P4*(O9:O125*P9:P125)^0.5))} -> 14.496699 | Q5: {=0.001*SUMPRODUCT('Irradiance (mW (m^2)^-1 nm^-1)'!$D2:$D118,(1-EXP(-Q4*(P9:P125*Q9:Q125)^0.5))/(Q4*(P9:P125*Q9:Q125)^0.5))} -> 14.69817 | R5: {=0.001*SUMPRODUCT('Irradiance (mW (m^2)^-1 nm^-1)'!$D2:$D118,(1-EXP(-R4*(Q9:Q125*R9:R125)^0.5))/(R4*(Q9:Q125*R9:R125)^0.5))} -> 14.861306 | S5: {=0.001*SUMPRODUCT('Irradiance (mW (m^2)^-1 nm^-1)'!$D2:$D118,(1-EXP(-S4*(R9:R125*S9:S125)^0.5))/(S4*(R9:R125*S9:S125)^0.5))} -> 14.985013 | T5: {=0.001*SUMPRODUCT('Irradiance (mW (m^2)^-1 nm^-1)'!$D2:$D118,(1-EXP(-T4*(S9:S125*T9:T125)^0.5))/(T4*(S9:S125*T9:T125)^0.5))} -> 15.055386
A6: Cumulative Exposure (MJ/m2) | B6: 0 | C6: =C5*0.0864+B6 -> 1.1680797 | D6: =D5*0.0864*2+C6 -> 3.6025718 | E6: =E5*0.0864*3+D6 -> 7.4006648 | F6: =F5*0.0864+E6 -> 8.697236 | G6: 0 | H6: =H5*0.0864+G6 -> 0.75819564 | I6: =I5*0.0864+H6 -> 1.5765289 | J6: =J5*0.0864+I6 -> 2.4476038 | K6: =K5*0.0864+J6 -> 3.3627703 | L6: =L5*0.0864*3+K6 -> 6.2870067 | M6: =M5*0.0864+L6 -> 7.3178013 | N6: =N5*0.0864*2+M6 -> 9.4587792 | O6: 0 | P6: =P5*0.0864+O6 -> 1.2525148 | Q6: =Q5*0.0864+P6 -> 2.5224366 | R6: =R5*0.0864*2+Q6 -> 5.0904703 | S6: =S5*0.0864+R6 -> 6.3851755 | T6: =T5*0.0864+S6 -> 7.6859608
A7: Average Absorption Spectra | B7: t0 | C7: t1 | D7: t3 | E7: t6 | F7: t7 | G7: t0 | H7: t1 | I7: t2 | J7: t3 | K7: t4 | L7: t7 | M7: t8 | N7: t10 | O7: t0 | P7: t1 | Q7: t2 | R7: t4 | S7: t5 | T7: t6
A8: Wavelength (nm) | B8: aCDOM (m-1)
A9: 284 | B9: 18.26803 | C9: 16.970672 | D9: 14.319036 | E9: 11.333546 | F9: 10.630102 | G9: 56.652885 | H9: 53.489117 | I9: 50.136537 | J9: 47.259095 | K9: 44.921615 | L9: 38.539332 | M9: 36.55022 | N9: 32.637132 | O9: 8.299692 | P9: 7.5363824 | Q9: 6.9370642 | R9: 6.208583 | S9: 5.8440539 | T9: 5.58612
A10: 285 | B10: 18.006805 | C10: 16.637321 | D10: 13.991901 | E10: 11.031568 | F10: 10.340408 | G10: 55.92078 | H10: 52.669262 | I10: 49.264299 | J10: 46.381287 | K10: 44.029987 | L10: 37.660204 | M10: 35.699025 | N10: 31.835018 | O10: 8.1354073 | P10: 7.3755462 | Q10: 6.7855541 | R10: 6.0362748 | S10: 5.6868513 | T10: 5.4159649
A11: 286 | B11: 17.697369 | C11: 16.296947 | D11: 13.643263 | E11: 10.71207 | F11: 9.9917569 | G11: 55.130656 | H11: 51.786953 | I11: 48.383939 | J11: 45.469803 | K11: 43.157179 | L11: 36.831617 | M11: 34.850394 | N11: 31.071628 | O11: 7.9914524 | P11: 7.2072237 | Q11: 6.5918192 | R11: 5.889494 | S11: 5.5263288 | T11: 5.2726338
A12: 287 | B12: 17.392727 | C12: 15.943401 | D12: 13.328331 | E12: 10.422767 | F12: 9.7180875 | G12: 54.330077 | H12: 50.929213 | I12: 47.527767 | J12: 44.630551 | K12: 42.263767 | L12: 35.95986 | M12: 34.030402 | N12: 30.268424 | O12: 7.8482999 | P12: 7.0190736 | Q12: 6.4313077 | R12: 5.6918251 | S12: 5.3527556 | T12: 5.1208626
A13: 288 | B13: 17.109525 | C13: 15.658145 | D13: 13.006321 | E13: 10.116868 | F13: 9.4390008 | G13: 53.576063 | H13: 50.086167 | I13: 46.663231 | J13: 43.735331 | K13: 41.389684 | L13: 35.142333 | M13: 33.216008 | N13: 29.513089 | O13: 7.7172125 | P13: 6.8568407 | Q13: 6.2584707 | R13: 5.5284903 | S13: 5.1851802 | T13: 4.9501015
A14: 289 | B14: 16.849694 | C14: 15.356369 | D14: 12.681559 | E14: 9.8181506 | F14: 9.1513952 | G14: 52.780854 | H14: 49.248383 | I14: 45.812989 | J14: 42.878891 | K14: 40.531018 | L14: 34.331968 | M14: 32.417475 | N14: 28.745537 | O14: 7.5313498 | P14: 6.7087785 | Q14: 6.108843 | R14: 5.4012627 | S14: 5.0471585 | T14: 4.8079676
A15: 290 | B15: 16.550464 | C15: 15.005593 | D15: 12.36147 | E15: 9.5225597 | F15: 8.8587536 | G15: 52.036245 | H15: 48.384104 | I15: 44.958788 | J15: 42.033313 | K15: 39.709383 | L15: 33.514503 | M15: 31.617718 | N15: 28.023852 | O15: 7.4162432 | P15: 6.5478826 | Q15: 5.9572762 | R15: 5.224792 | S15: 4.8881715 | T15: 4.659913
A16: 291 | B16: 16.272319 | C16: 14.700868 | D16: 12.08088 | E16: 9.2243067 | F16: 8.5771775 | G16: 51.284897 | H16: 47.599263 | I16: 44.095377 | J16: 41.19461 | K16: 38.885947 | L16: 32.731077 | M16: 30.862237 | N16: 27.298421 | O16: 7.2828249 | P16: 6.3993222 | Q16: 5.8032179 | R16: 5.0896182 | S16: 4.7560566 | T16: 4.5190882
A17: 292 | B17: 15.971217 | C17: 14.406312 | D17: 11.774075 | E17: 8.9854203 | F17: 8.3408391 | G17: 50.517743 | H17: 46.759189 | I17: 43.298952 | J17: 40.394774 | K17: 38.092641 | L17: 32.004779 | M17: 30.12404 | N17: 26.63313 | O17: 7.1380629 | P17: 6.2474709 | Q17: 5.684333 | R17: 4.9539564 | S17: 4.6008421 | T17: 4.3855201
A18: 293 | B18: 15.710679 | C18: 14.090718 | D18: 11.491017 | E18: 8.7016866 | F18: 8.0688519 | G18: 49.807952 | H18: 46.01119 | I18: 42.49598 | J18: 39.581993 | K18: 37.291199 | L18: 31.251889 | M18: 29.413923 | N18: 25.946669 | O18: 7.0165946 | P18: 6.0993806 | Q18: 5.5289767 | R18: 4.8088381 | S18: 4.4784589 | T18: 4.2691687
A19: 294 | B19: 15.458778 | C19: 13.821477 | D19: 11.197269 | E19: 8.4937812 | F19: 7.8382469 | G19: 49.046315 | H19: 45.164154 | I19: 41.726921 | J19: 38.797464 | K19: 36.527246 | L19: 30.54555 | M19: 28.701722 | N19: 25.337337 | O19: 6.8688722 | P19: 5.9781942 | Q19: 5.3735769 | R19: 4.6667228 | S19: 4.3478704 | T19: 4.1209169
A20: 295 | B20: 15.211555 | C20: 13.54242 | D20: 10.930734 | E20: 8.2281448 | F20: 7.6093298 | G20: 48.355607 | H20: 44.46057 | I20: 40.940052 | J20: 38.082025 | K20: 35.813004 | L20: 29.849382 | M20: 28.033259 | N20: 24.695821 | O20: 6.7408037 | P20: 5.8301892 | Q20: 5.2494597 | R20: 4.5589391 | S20: 4.2437611 | T20: 4.0151767
... A475: 750 | B475: -0.024668358 | C475: -0.036061483 | D475: -0.025957173 | E475: -0.026945705 | F475: -0.037939178 | G475: -0.070190736 | H475: -0.026564228 | I475: 0.0035817781 | J475: -0.019244807 | K475: 0.0023705256 | L475: -0.0015802542 | M475: 0.019931892 | N475: -0.0013584374 | O475: 0.038664118 | P475: 0.024102504 | Q475: 0.0049831231 | R475: -0.0096869226 | S475: -0.0043610615 | T475: 0.0091184427

Sheet aCDOM (m^-1)
A1: Wavelength (nm) | B1: Spring_freshet_t0 | C1: Spring_freshet_t1 | D1: Spring_freshet_t2 | E1: Spring_freshet_t3 | F1: Spring_freshet_t4 | G1: Spring_freshet_t7 | H1: Spring_freshet_t8 | I1: Spring_freshet_t10 | J1: Spring_freshet_t10_dark_control | K1: Late_summer_t0 | L1: Late_summer_t1 | M1: Late_summer_t3 | N1: Late_summer_t6 | O1: Late_summer_t7 | P1: Late_summer_t7_dark_control | Q1: Under_ice_t0 | R1: Under_ice_t1 | S1: Under_ice_t2 | T1: Under_ice_t4 | U1: Under_ice_t5 | V1: Under_ice_t6 | W1: Under_ice_t6_dark_control
A2: 240 | B2: 92.605363 | C2: 87.472327 | D2: 83.038888 | E2: 79.714694 | F2: 77.214783 | G2: 69.720155 | H2: 67.377409 | I2: 62.124164 | J2: 91.083973 | K2: 31.365795 | L2: 29.661692 | M2: 26.434209 | N2: 23.083274 | O2: 22.284074 | P2: 32.846806 | Q2: 13.237625 | R2: 13.775401 | S2: 13.016413 | T2: 12.125641 | U2: 11.675391 | V2: 11.390725 | W2: 15.769783
A3: 241 | B3: 91.456803 | C3: 86.44499 | D3: 82.077362 | E3: 78.840167 | F3: 76.338161 | G3: 68.963364 | H3: 66.640396 | I3: 61.434453 | J3: 89.995033 | K3: 30.927609 | L3: 29.299699 | M3: 26.089014 | N3: 22.78861 | O3: 21.979818 | P3: 32.434526 | Q3: 13.023757 | R3: 13.507631 | S3: 12.760716 | T3: 11.903068 | U3: 11.453523 | V3: 11.171883 | W3: 15.482703
A4: 242 | B4: 90.354024 | C4: 85.475557 | D4: 81.136718 | E4: 77.996707 | F4: 75.515637 | G4: 68.202466 | H4: 65.898826 | I4: 60.791401 | J4: 88.838099 | K4: 30.515466 | L4: 28.905582 | M4: 25.748847 | N4: 22.538525 | O4: 21.739455 | P4: 32.021017 | Q4: 12.840724 | R4: 13.271551 | S4: 12.537049 | T4: 11.658184 | U4: 11.236785 | V4: 10.9583 | W4: 15.210628
A5: 243 | B5: 89.301083 | C5: 84.515108 | D5: 80.324246 | E5: 77.19968 | F5: 74.807336 | G5: 67.585444 | H5: 65.274048 | I5: 60.24532 | J5: 87.891405 | K5: 30.123697 | L5: 28.553067 | M5: 25.46781 | N5: 22.261903 | O5: 21.477348 | P5: 31.614677 | Q5: 12.705803 | R5: 13.080311 | S5: 12.350592 | T5: 11.508302 | U5: 11.091082 | V5: 10.789339 | W5: 14.999029
A6: 244 | B6: 88.265314 | C6: 83.650539 | D6: 79.506173 | E6: 76.448628 | F6: 74.054397 | G6: 66.925341 | H6: 64.685036 | I6: 59.65613 | J6: 86.872891 | K6: 29.793362 | L6: 28.253082 | M6: 25.219397 | N6: 22.05939 | O6: 21.274807 | P6: 31.250235 | Q6: 12.579378 | R6: 12.896083 | S6: 12.191055 | T6: 11.35619 | U6: 10.92724 | V6: 10.656345 | W6: 14.80685
A7: 245 | B7: 87.289314 | C7: 82.798986 | D7: 78.730704 | E7: 75.762965 | F7: 73.417814 | G7: 66.395251 | H7: 64.143216 | I7: 59.188443 | J7: 85.949379 | K7: 29.458511 | L7: 27.975546 | M7: 24.99659 | N7: 21.869274 | O7: 21.086705 | P7: 30.899252 | Q7: 12.476172 | R7: 12.723823 | S7: 12.024727 | T7: 11.202157 | U7: 10.788781 | V7: 10.521193 | W7: 14.576628
A8: 246 | B8: 86.365639 | C8: 82.046775 | D8: 78.041711 | E8: 75.094923 | F8: 72.773698 | G8: 65.880199 | H8: 63.658115 | I8: 58.737306 | J8: 85.036571 | K8: 29.143378 | L8: 27.715999 | M8: 24.797615 | N8: 21.720589 | O8: 20.929845 | P8: 30.590767 | Q8: 12.361414 | R8: 12.588643 | S8: 11.89585 | T8: 11.090809 | U8: 10.677086 | V8: 10.407347 | W8: 14.417799
A9: 247 | B9: 85.496498 | C9: 81.313586 | D9: 77.395859 | E9: 74.485497 | F9: 72.248039 | G9: 65.420078 | H9: 63.190637 | I9: 58.327764 | J9: 84.19706 | K9: 28.84371 | L9: 27.480035 | M9: 24.586897 | N9: 21.54705 | O9: 20.777905 | P9: 30.297838 | Q9: 12.309939 | R9: 12.46989 | S9: 11.79842 | T9: 10.990531 | U9: 10.588556 | V9: 10.304367 | W9: 14.261837
A10: 248 | B10: 84.631116 | C10: 80.656948 | D10: 76.789056 | E10: 73.902732 | F10: 71.698801 | G10: 64.941418 | H10: 62.746319 | I10: 57.919408 | J10: 83.347821 | K10: 28.579242 | L10: 27.233091 | M10: 24.413404 | N10: 21.37641 | O10: 20.621907 | P10: 30.005223 | Q10: 12.200156 | R10: 12.348363 | S10: 11.669864 | T10: 10.87476 | U10: 10.472161 | V10: 10.217415 | W10: 14.118693
A11: 249 | B11: 83.793623 | C11: 79.901623 | D11: 76.170922 | E11: 73.390812 | F11: 71.219732 | G11: 64.551319 | H11: 62.372536 | I11: 57.564513 | J11: 82.573333 | K11: 28.283761 | L11: 27.006555 | M11: 24.264768 | N11: 21.256262 | O11: 20.503836 | P11: 29.721955 | Q11: 12.159472 | R11: 12.249087 | S11: 11.581266 | T11: 10.808275 | U11: 10.41227 | V11: 10.139042 | W11: 13.990552
A12: 250 | B12: 83.002906 | C12: 79.328223 | D12: 75.659952 | E12: 72.888086 | F12: 70.728449 | G12: 64.101593 | H12: 61.952614 | I12: 57.211205 | J12: 81.850772 | K12: 28.04034 | L12: 26.818508 | M12: 24.108332 | N12: 21.123918 | O12: 20.373185 | P12: 29.44143 | Q12: 12.085698 | R12: 12.159359 | S12: 11.502225 | T12: 10.724246 | U12: 10.337247 | V12: 10.05828 | W12: 13.860654
A13: 251 | B13: 82.238679 | C13: 78.661115 | D13: 75.102198 | E13: 72.390583 | F13: 70.252755 | G13: 63.69796 | H13: 61.571762 | I13: 56.855784 | J13: 81.125424 | K13: 27.800799 | L13: 26.617848 | M13: 23.93617 | N13: 20.955344 | O13: 20.226472 | P13: 29.191469 | Q13: 12.026005 | R13: 12.056032 | S13: 11.401823 | T13: 10.65925 | U13: 10.258326 | V13: 9.9902081 | W13: 13.744323
... A462: 700 | B462: 0.051910269 | C462: 0.046890992 | D462: 0.055040472 | E462: 0.022181652 | F462: 0.038961571 | G462: 0.058665607 | H462: 0.024779012 | I462: 0.04591685 | J462: 0.040933809 | K462: 0.016411291 | L462: 0.058405062 | M462: 0.047738688 | N462: 0.017941451 | O462: 0.023463037 | P462: 0.023669822 | Q462: 0.028832911 | R462: -0.0075396923 | S462: -0.014494701 | T462: 0.01091688 | U462: -0.012528165 | V462: 0.0029064646 | W462: -0.0049922243

Sheet EEMs (RU)
A1: Spring_freshet_t0
B2: Ex (nm) | C2: 250 | D2: 255 | E2: 260 | F2: 265 | G2: 270 | H2: 275 | I2: 280 | J2: 285 | K2: 290 | L2: 295 | M2: 300 | N2: 305 | O2: 310 | P2: 315 | Q2: 320 | R2: 325 | S2: 330 | T2: 335 | U2: 340 | V2: 345 | W2: 350 | X2: 355 | Y2: 360 | Z2: 365 | AA2: 370 | AB2: 375 | AC2: 380 | AD2: 385 | AE2: 390 | AF2: 395 | AG2: 400
A3: Em (nm)
A4: 300 | C4: 0.14458964 | D4: 0.17935707 | E4: 0.1993825 | F4: 0.23793257 | G4: NaN | H4: NaN | I4: 0.29118671 | J4: 0.20613424 | K4: NaN | L4: NaN | M4: NaN | N4: NaN | O4: NaN | P4: NaN | Q4: NaN | R4: NaN | S4: NaN | T4: NaN | U4: NaN | V4: 0.021683416 | W4: 0.0099883649 | X4: 0.010616923 | Y4: 0.0050300912 | Z4: 0.0081701371 | AA4: 0.002896425 | AB4: 0.0030033486 | AC4: 0.0018229587 | AD4: 0 | AE4: 0 | AF4: 9.2127214e-05 | AG4: 0.00061139442
A5: 302 | C5: 0.16925601 | D5: 0.19339129 | E5: 0.22471511 | F5: 0.26834719 | G5: NaN | H5: NaN | I5: 0.30569493 | J5: 0.2251791 | K5: 0.14300825 | L5: NaN | M5: NaN | N5: NaN | O5: NaN | P5: NaN | Q5: NaN | R5: NaN | S5: NaN | T5: NaN | U5: NaN | V5: NaN | W5: 0.015974893 | X5: 0.0087040782 | Y5: 0.0098365065 | Z5: 0.0058731503 | AA5: 0.0042365946 | AB5: 0.0026362213 | AC5: 0.0023863684 | AD5: 0.0029592643 | AE5: 0.00073121092 | AF5: 0 | AG5: 0
A6: 304 | C6: 0.19243973 | D6: 0.20833195 | E6: 0.22163319 | F6: 0.28683225 | G6: 0.31517387 | H6: NaN | I6: NaN | J6: 0.23983389 | K6: 0.16062396 | L6: NaN | M6: NaN | N6: NaN | O6: NaN | P6: NaN | Q6: NaN | R6: NaN | S6: NaN | T6: NaN | U6: NaN | V6: NaN | W6: 0.013683112 | X6: 0.011312085 | Y6: 0.010061088 | Z6: 0.006316333 | AA6: 0.0064015585 | AB6: 0.0037146824 | AC6: 0.0058164765 | AD6: 0.002815666 | AE6: 0 | AF6: 0.0004202723 | AG6: 0
A7: 306 | C7: 0.18981301 | D7: 0.19608278 | E7: 0.24198491 | F7: 0.29326614 | G7: 0.3213673 | H7: NaN | I7: NaN | J7: 0.25672263 | K7: 0.1765903 | L7: 0.11527957 | M7: NaN | N7: NaN | O7: NaN | P7: NaN | Q7: NaN | R7: NaN | S7: NaN | T7: NaN | U7: NaN | V7: NaN | W7: 0.021386132 | X7: 0.012527292 | Y7: 0.010343647 | Z7: 0.00676359 | AA7: 0.0091454002 | AB7: 0.0049238818 | AC7: 0.0065863721 | AD7: 0.0012694465 | AE7: 0.0024502445 | AF7: 0.0010710379 | AG7: 0
A8: 308 | C8: 0.17528803 | D8: 0.23579 | E8: 0.26626104 | F8: 0.29386772 | G8: 0.34096859 | H8: NaN | I8: NaN | J8: 0.28039695 | K8: 0.19138765 | L8: 0.11835235 | M8: NaN | N8: NaN | O8: NaN | P8: NaN | Q8: NaN | R8: NaN | S8: NaN | T8: NaN | U8: NaN | V8: NaN | W8: NaN | X8: 0.014564735 | Y8: 0.010091326 | Z8: 0.0089860789 | AA8: 0.0095446974 | AB8: 0.0061359955 | AC8: 0.0067296729 | AD8: 0.0031957106 | AE8: 0.0036834038 | AF8: 0.0003457175 | AG8: 0.0019068491
A9: 310 | C9: 0.22354671 | D9: 0.26407055 | E9: 0.27768175 | F9: 0.30311088 | G9: 0.35049781 | H9: 0.37143261 | I9: NaN | J9: NaN | K9: 0.20831155 | L9: 0.12524735 | M9: NaN | N9: NaN | O9: NaN | P9: NaN | Q9: NaN | R9: NaN | S9: NaN | T9: NaN | U9: NaN | V9: NaN | W9: NaN | X9: 0.018936251 | Y9: 0.011629865 | Z9: 0.011086899 | AA9: 0.0090885933 | AB9: 0.0068550196 | AC9: 0.0059325686 | AD9: 0.0042488596 | AE9: 0.0037596796 | AF9: 0.0013383697 | AG9: 0.0028292663
A10: 312 | C10: 0.27827599 | D10: 0.28986694 | E10: 0.2895719 | F10: 0.31896037 | G10: 0.35255566 | H10: 0.38368084 | I10: NaN | J10: NaN | K10: 0.22681511 | L10: 0.13963581 | M10: 0.091382764 | N10: NaN | O10: NaN | P10: NaN | Q10: NaN | R10: NaN | S10: NaN | T10: NaN | U10: NaN | V10: NaN | W10: NaN | X10: NaN | Y10: 0.01526705 | Z10: 0.011235648 | AA10: 0.0091108288 | AB10: 0.0075424272 | AC10: 0.0056048904 | AD10: 0.0044369813 | AE10: 0.0037234323 | AF10: 0.0024554918 | AG10: 0.0014876195
A11: 314 | C11: 0.27790763 | D11: 0.32716074 | E11: 0.3135889 | F11: 0.33077872 | G11: 0.35525426 | H11: 0.38686118 | I11: NaN | J11: NaN | K11: 0.24500525 | L11: 0.16532994 | M11: 0.10492894 | N11: NaN | O11: NaN | P11: NaN | Q11: NaN | R11: NaN | S11: NaN | T11: NaN | U11: NaN | V11: NaN | W11: NaN | X11: NaN | Y11: 0.020094734 | Z11: 0.011408965 | AA11: 0.0099137114 | AB11: 0.0081671727 | AC11: 0.0074149991 | AD11: 0.0053370233 | AE11: 0.0032314056 | AF11: 0.0022174774 | AG11: 0.0019380319
A12: 316 | C12: 0.28894241 | D12: 0.3172397 | E12: 0.33693043 | F12: 0.34219176 | G12: 0.35013235 | H12: 0.38425319 | I12: 0.36951467 | J12: NaN | K12: NaN | L12: 0.19323842 | M12: 0.11961331 | N12: 0.089835769 | O12: NaN | P12: NaN | Q12: NaN | R12: NaN | S12: NaN | T12: NaN | U12: NaN | V12: NaN | W12: NaN | X12: NaN | Y12: 0.026367825 | Z12: 0.014527362 | AA12: 0.010866436 | AB12: 0.0076106766 | AC12: 0.0098937518 | AD12: 0.0050903711 | AE12: 0.0031696047 | AF12: 0.0031813761 | AG12: 0.003014418
A13: 318 | C13: 0.34624367 | D13: 0.2847687 | E13: 0.35215663 | F13: 0.37010044 | G13: 0.36539469 | H13: 0.39059392 | I13: 0.39628053 | J13: NaN | K13: NaN | L13: 0.21059843 | M13: 0.13642004 | N13: 0.090680627 | O13: NaN | P13: NaN | Q13: NaN | R13: NaN | S13: NaN | T13: NaN | U13: NaN | V13: NaN | W13: NaN | X13: NaN | Y13: NaN | Z13: 0.011952156 | AA13: 0.0079736385 | AB13: 0.0064270899 | AC13: 0.0075618285 | AD13: 0.004537267 | AE13: 0.003750782 | AF13: 0.0017524063 | AG13: 0.0022745031
A14: 320 | C14: 0.35146623 | D14: 0.33126888 | E14: 0.35070125 | F14: 0.35286385 | G14: 0.37438643 | H14: 0.40065059 | I14: 0.38853855 | J14: NaN | K14: NaN | L14: 0.21988861 | M14: 0.15661242 | N14: 0.10387531 | O14: NaN | P14: NaN | Q14: NaN | R14: NaN | S14: NaN | T14: NaN | U14: NaN | V14: NaN | W14: NaN | X14: NaN | Y14: NaN | Z14: 0.015097826 | AA14: 0.0063408588 | AB14: 0.0044593198 | AC14: 0.0070308054 | AD14: 0.002915453 | AE14: 0.0011948411 | AF14: 0.0025767552 | AG14: 0.0040026153
A15: 322 | C15: 0.38764715 | D15: 0.39498653 | E15: 0.3888737 | F15: 0.38792325 | G15: 0.41274538 | H15: 0.42248431 | I15: 0.41240119 | J15: 0.38716805 | K15: NaN | L15: NaN | M15: 0.18082834 | N15: 0.12627699 | O15: 0.092565475 | P15: NaN | Q15: NaN | R15: NaN | S15: NaN | T15: NaN | U15: NaN | V15: NaN | W15: NaN | X15: NaN | Y15: NaN | Z15: NaN | AA15: 0.01322049 | AB15: 0.0068582658 | AC15: 0.0079335539 | AD15: 0.0089021918 | AE15: 0.0071665574 | AF15: 0.0073251147 | AG15: 0.0049163978
A16: 324 | C16: 0.38369584 | D16: 0.40061622 | E16: 0.42456868 | F16: 0.40445113 | G16: 0.42910672 | H16: 0.44145543 | I16: 0.43854532 | J16: 0.41548377 | K16: NaN | L16: NaN | M16: 0.2040233 | N16: 0.15283181 | O16: 0.10856551 | P16: NaN | Q16: NaN | R16: NaN | S16: NaN | T16: NaN | U16: NaN | V16: NaN | W16: NaN | X16: NaN | Y16: NaN | Z16: NaN | AA16: 0.014725048 | AB16: 0.0095449546 | AC16: 0.007339245 | AD16: 0.0075012306 | AE16: 0.0060197857 | AF16: 0.0060894769 | AG16: 0.0037170429
A17: 326 | C17: 0.43131663 | D17: 0.43745575 | E17: 0.45638984 | F17: 0.43620722 | G17: 0.4467382 | H17: 0.45961345 | I17: 0.45923749 | J17: 0.44243615 | K17: NaN | L17: NaN | M17: 0.2304581 | N17: 0.17763116 | O17: 0.13010494 | P17: 0.11618571 | Q17: NaN | R17: NaN | S17: NaN | T17: NaN | U17: NaN | V17: NaN | W17: NaN | X17: NaN | Y17: NaN | Z17: NaN | AA17: 0.023096111 | AB17: 0.012859302 | AC17: 0.0089556261 | AD17: 0.0091522505 | AE17: 0.0098040195 | AF17: 0.0083910913 | AG17: 0.0054357451
A18: 328 | C18: 0.47013069 | D18: 0.4579058 | E18: 0.45241909 | F18: 0.45930133 | G18: 0.45973023 | H18: 0.4686904 | I18: 0.46864051 | J18: 0.45852848 | K18: 0.39009832 | L18: NaN | M18: NaN | N18: 0.1972946 | O18: 0.1483137 | P18: 0.1133951 | Q18: NaN | R18: NaN | S18: NaN | T18: NaN | U18: NaN | V18: NaN | W18: NaN | X18: NaN | Y18: NaN | Z18: NaN | AA18: NaN | AB18: 0.013854276 | AC18: 0.0095920937 | AD18: 0.0093803 | AE18: 0.0096890512 | AF18: 0.0077654204 | AG18: 0.0060111168
A19: 330 | C19: 0.47184358 | D19: 0.4569013 | E19: 0.44628236 | F19: 0.46334609 | G19: 0.46702276 | H19: 0.47680276 | I19: 0.48220082 | J19: 0.46817351 | K19: 0.41186684 | L19: NaN | M19: NaN | N19: 0.2180304 | O19: 0.16689956 | P19: 0.12279085 | Q19: NaN | R19: NaN | S19: NaN | T19: NaN | U19: NaN | V19: NaN | W19: NaN | X19: NaN | Y19: NaN | Z19: NaN | AA19: NaN | AB19: 0.015394028 | AC19: 0.0086764916 | AD19: 0.0064712114 | AE19: 0.0047442977 | AF19: 0.0047332507 | AG19: 0.0051744889
A20: 332 | C20: 0.50447122 | D20: 0.51001375 | E20: 0.49776555 | F20: 0.48130614 | G20: 0.48430976 | H20: 0.49740692 | I20: 0.51426435 | J20: 0.48536661 | K20: 0.44790956 | L20: NaN | M20: NaN | N20: 0.2475707 | O20: 0.19492387 | P20: 0.14710794 | Q20: 0.10687155 | R20: NaN | S20: NaN | T20: NaN | U20: NaN | V20: NaN | W20: NaN | X20: NaN | Y20: NaN | Z20: NaN | AA20: NaN | AB20: NaN | AC20: 0.010875216 | AD20: 0.0072185321 | AE20: 0.0079844644 | AF20: 0.0084855921 | AG20: 0.0074294438
A21: 334 | C21: 0.53842616 | D21: 0.5496121 | E21: 0.50949498 | F21: 0.50849951 | G21: 0.49815234 | H21: 0.49823395 | I21: 0.51964197 | J21: 0.49786506 | K21: 0.48042376 | L21: 0.40556219 | M21: NaN | N21: 0.27546682 | O21: 0.21837375 | P21: 0.16469682 | Q21: 0.12456257 | R21: NaN | S21: NaN | T21: NaN | U21: NaN | V21: NaN | W21: NaN | X21: NaN | Y21: NaN | Z21: NaN | AA21: NaN | AB21: NaN | AC21: 0.015064498 | AD21: 0.006146343 | AE21: 0.0099932799 | AF21: 0.0053234224 | AG21: 0.0055600085
A22: 336 | C22: 0.56369207 | D22: 0.56487057 | E22: 0.53795394 | F22: 0.52192339 | G22: 0.53019772 | H22: 0.52749712 | I22: 0.53239045 | J22: 0.52546936 | K22: 0.50199034 | L22: 0.43503039 | M22: NaN | N22: NaN | O22: 0.24467829 | P22: 0.18884295 | Q22: 0.14741854 | R22: 0.11764445 | S22: NaN | T22: NaN | U22: NaN | V22: NaN | W22: NaN | X22: NaN | Y22: NaN | Z22: NaN | AA22: NaN | AB22: NaN | AC22: 0.019886717 | AD22: 0.013247598 | AE22: 0.005964498 | AF22: 0.0047830437 | AG22: 0.007735382
A23: 338 | C23: 0.57915483 | D23: 0.59649083 | E23: 0.55232798 | F23: 0.54167043 | G23: 0.54645903 | H23: 0.55308189 | I23: 0.55539066 | J23: 0.54963212 | K23: 0.53222015 | L23: 0.47468629 | M23: NaN | N23: NaN | O23: 0.27107938 | P23: 0.22326403 | Q23: 0.17273513 | R23: 0.13255667 | S23: NaN | T23: NaN | U23: NaN | V23: NaN | W23: NaN | X23: NaN | Y23: NaN | Z23: NaN | AA23: NaN | AB23: NaN | AC23: NaN | AD23: 0.012652939 | AE23: 0.0071751756 | AF23: 0.0066685556 | AG23: 0.0053462553
A24: 340 | C24: 0.6238305 | D24: 0.62690198 | E24: 0.57434772 | F24: 0.5703601 | G24: 0.57428559 | H24: 0.57349744 | I24: 0.5805259 | J24: 0.56574787 | K24: 0.55343486 | L24: 0.50064603 | M24: 0.42806469 | N24: NaN | O24: 0.30608009 | P24: 0.25081867 | Q24: 0.19255467 | R24: 0.15552403 | S24: NaN | T24: NaN | U24: NaN | V24: NaN | W24: NaN | X24: NaN | Y24: NaN | Z24: NaN | AA24: NaN | AB24: NaN | AC24: NaN | AD24: 0.018672978 | AE24: 0.0031033293 | AF24: 0.0069440862 | AG24: 0.0061472328
A25: 342 | C25: 0.68521936 | D25: 0.67022625 | E25: 0.62435878 | F25: 0.60815352 | G25: 0.59483018 | H25: 0.59542942 | I25: 0.59811652 | J25: 0.59832733 | K25: 0.58459245 | L25: 0.53650399 | M25: 0.46959591 | N25: NaN | O25: NaN | P25: 0.28402576 | Q25: 0.22527336 | R25: 0.18495856 | S25: 0.14479248 | T25: NaN | U25: NaN | V25: NaN | W25: NaN | X25: NaN | Y25: NaN | Z25: NaN | AA25: NaN | AB25: NaN | AC25: NaN | AD25: NaN | AE25: 0.0081521066 | AF25: 0.008901033 | AG25: 0.0099503515
A26: 344 | C26: 0.73705531 | D26: 0.70088218 | E26: 0.66500048 | F26: 0.64070223 | G26: 0.62137441 | H26: 0.61430594 | I26: 0.61190759 | J26: 0.63075216 | K26: 0.61513345 | L26: 0.57473341 | M26: 0.51280334 | N26: NaN | O26: NaN | P26: 0.32354502 | Q26: 0.2629539 | R26: 0.21781598 | S26: 0.1701234 | T26: NaN | U26: NaN | V26: NaN | W26: NaN | X26: NaN | Y26: NaN | Z26: NaN | AA26: NaN | AB26: NaN | AC26: NaN | AD26: NaN | AE26: 0.016353562 | AF26: 0.0099504813 | AG26: 0.011185315
A27: 346 | C27: 0.76761853 | D27: 0.71465326 | E27: 0.68539264 | F27: 0.66042176 | G27: 0.64867224 | H27: 0.6312972 | I27: 0.63287804 | J27: 0.65477244 | K27: 0.63614152 | L27: 0.60597624 | M27: 0.55176027 | N27: NaN | O27: NaN | P27: 0.36364019 | Q27: 0.30033423 | R27: 0.25017422 | S27: 0.19743996 | T27: 0.15428557 | U27: NaN | V27: NaN | W27: NaN | X27: NaN | Y27: NaN | Z27: NaN | AA27: NaN | AB27: NaN | AC27: NaN | AD27: NaN | AE27: 0.021104484 | AF27: 0.0085653993 | AG27: 0.0087135393
A28: 348 | C28: 0.79889452 | D28: 0.74112368 | E28: 0.71394798 | F28: 0.68119792 | G28: 0.66719624 | H28: 0.6575528 | I28: 0.66800232 | J28: 0.68189522 | K28: 0.66071234 | L28: 0.63706499 | M28: 0.59738569 | N28: 0.53960927 | O28: NaN | P28: NaN | Q28: 0.34274819 | R28: 0.28438818 | S28: 0.22968882 | T28: 0.18262761 | U28: NaN | V28: NaN | W28: NaN | X28: NaN | Y28: NaN | Z28: NaN | AA28: NaN | AB28: NaN | AC28: NaN | AD28: NaN | AE28: NaN | AF28: 0.0080940841 | AG28: 0.0069770485
A29: 350 | C29: 0.87336097 | D29: 0.79418938 | E29: 0.75360274 | F29: 0.72908471 | G29: 0.71791496 | H29: 0.6989829 | I29: 0.70950831 | J29: 0.70847193 | K29: 0.70961785 | L29: 0.67820674 | M29: 0.6509611 | N29: 0.58789326 | O29: NaN | P29: NaN | Q29: 0.38701897 | R29: 0.32853699 | S29: 0.26744811 | T29: 0.21825647 | U29: NaN | V29: NaN | W29: NaN | X29: NaN | Y29: NaN | Z29: NaN | AA29: NaN | AB29: NaN | AC29: NaN | AD29: NaN | AE29: NaN | AF29: 0.013465862 | AG29: 0.0083711789
A30: 352 | C30: 0.91344365 | D30: 0.8567009 | E30: 0.80539499 | F30: 0.77475095 | G30: 0.72837627 | H30: 0.74109027 | I30: 0.73298144 | J30: 0.74068444 | K30: 0.75405204 | L30: 0.72282207 | M30: 0.68321767 | N30: 0.6397597 | O30: NaN | P30: NaN | Q30: 0.43982502 | R30: 0.37016262 | S30: 0.31037787 | T30: 0.25118991 | U30: 0.19848371 | V30: NaN | W30: NaN | X30: NaN | Y30: NaN | Z30: NaN | AA30: NaN | AB30: NaN | AC30: NaN | AD30: NaN | AE30: NaN | AF30: NaN | AG30: 0.010028469
A31: 354 | C31: 0.99114186 | D31: 0.89748304 | E31: 0.85731655 | F31: 0.78624021 | G31: 0.78182513 | H31: 0.76380252 | I31: 0.75734142 | J31: 0.78082743 | K31: 0.78286385 | L31: 0.76189497 | M31: 0.73067804 | N31: 0.6812339 | O31: 0.62912482 | P31: NaN | Q31: NaN | R31: 0.42614967 | S31: 0.3646719 | T31: 0.29109903 | U31: 0.22990811 | V31: NaN | W31: NaN | X31: NaN | Y31: NaN | Z31: NaN | AA31: NaN | AB31: NaN | AC31: NaN | AD31: NaN | AE31: NaN | AF31: NaN | AG31: 0.010280693
A32: 356 | C32: 1.0367676 | D32: 0.9874543 | E32: 0.90467978 | F32: 0.84173153 | G32: 0.81416833 | H32: 0.8059352 | I32: 0.79255112 | J32: 0.79901489 | K32: 0.81672151 | L32: 0.80337993 | M32: 0.77143342 | N32: 0.73384946 | O32: 0.68044712 | P32: NaN | Q32: NaN | R32: 0.47875626 | S32: 0.41247885 | T32: 0.33643936 | U32: 0.26764248 | V32: 0.20399568 | W32: NaN | X32: NaN | Y32: NaN | Z32: NaN | AA32: NaN | AB32: NaN | AC32: NaN | AD32: NaN | AE32: NaN | AF32: NaN | AG32: 0.016110081
A33: 358 | C33: 1.1174049 | D33: 1.0527989 | E33: 0.96937848 | F33: 0.89433056 | G33: 0.84432076 | H33: 0.83784711 | I33: 0.82149193 | J33: 0.83652252 | K33: 0.85208177 | L33: 0.84025537 | M33: 0.81340115 | N33: 0.78515111 | O33: 0.72593199 | P33: NaN | Q33: NaN | R33: 0.52412954 | S33: 0.45777937 | T33: 0.38518425 | U33: 0.3076748 | V33: 0.23316123 | W33: NaN | X33: NaN | Y33: NaN | Z33: NaN | AA33: NaN | AB33: NaN | AC33: NaN | AD33: NaN | AE33: NaN | AF33: NaN | AG33: NaN
A34: 360 | C34: 1.2022892 | D34: 1.100222 | E34: 1.0080461 | F34: 0.93197288 | G34: 0.88635155 | H34: 0.86986268 | I34: 0.84982455 | J34: 0.86903317 | K34: 0.88529684 | L34: 0.87825046 | M34: 0.86116014 | N34: 0.82895665 | O34: 0.78150488 | P34: 0.70660891 | Q34: NaN | R34: NaN | S34: 0.50662612 | T34: 0.43277886 | U34: 0.34808626 | V34: 0.26477983 | W34: NaN | X34: NaN | Y34: NaN | Z34: NaN | AA34: NaN | AB34: NaN | AC34: NaN | AD34: NaN | AE34: NaN | AF34: NaN | AG34: NaN
A35: 362 | C35: 1.2802513 | D35: 1.1535636 | E35: 1.0479154 | F35: 0.98014863 | G35: 0.93570242 | H35: 0.90960918 | I35: 0.88709871 | J35: 0.90029302 | K35: 0.92075157 | L35: 0.91964721 | M35: 0.90956816 | N35: 0.87386035 | O35: 0.8384906 | P35: 0.76330044 | Q35: NaN | R35: NaN | S35: 0.56017783 | T35: 0.47911194 | U35: 0.3929438 | V35: 0.30114525 | W35: 0.21962461 | X35: NaN | Y35: NaN | Z35: NaN | AA35: NaN | AB35: NaN | AC35: NaN | AD35: NaN | AE35: NaN | AF35: NaN | AG35: NaN
A36: 364 | C36: 1.3691609 | D36: 1.2246455 | E36: 1.1421068 | F36: 1.0457041 | G36: 0.98198521 | H36: 0.95169897 | I36: 0.93282104 | J36: 0.955105 | K36: 0.96691714 | L36: 0.96316156 | M36: 0.9576325 | N36: 0.93257013 | O36: 0.88372571 | P36: 0.83636239 | Q36: NaN | R36: NaN | S36: 0.61547876 | T36: 0.53027519 | U36: 0.44434583 | V36: 0.34300399 | W36: 0.25512116 | X36: NaN | Y36: NaN | Z36: NaN | AA36: NaN | AB36: NaN | AC36: NaN | AD36: NaN | AE36: NaN | AF36: NaN | AG36: NaN
A37: 366 | C37: 1.4181045 | D37: 1.3290077 | E37: 1.1989587 | F37: 1.0648492 | G37: 1.0260055 | H37: 1.0008354 | I37: 0.9748543 | J37: 0.98570556 | K37: 1.0187472 | L37: 1.0119685 | M37: 1.0196832 | N37: 0.99680211 | O37: 0.94577028 | P37: 0.8891738 | Q37: 0.82791599 | R37: NaN | S37: NaN | T37: 0.58953248 | U37: 0.49007731 | V37: 0.39259439 | W37: 0.28600834 | X37: 0.19378806 | Y37: NaN | Z37: NaN | AA37: NaN | AB37: NaN | AC37: NaN | AD37: NaN | AE37: NaN | AF37: NaN | AG37: NaN
A38: 368 | C38: 1.4937541 | D38: 1.420192 | E38: 1.2697317 | F38: 1.1490167 | G38: 1.0764686 | H38: 1.0556324 | I38: 1.0296592 | J38: 1.0369302 | K38: 1.0603676 | L38: 1.0572147 | M38: 1.0730153 | N38: 1.0502784 | O38: 1.0064107 | P38: 0.95445968 | Q38: 0.88320238 | R38: NaN | S38: NaN | T38: 0.64053732 | U38: 0.54682192 | V38: 0.43707635 | W38: 0.32482352 | X38: 0.22357183 | Y38: NaN | Z38: NaN | AA38: NaN | AB38: NaN | AC38: NaN | AD38: NaN | AE38: NaN | AF38: NaN | AG38: NaN
A39: 370 | C39: 1.6710203 | D39: 1.5359519 | E39: 1.3617838 | F39: 1.2160634 | G39: 1.1468669 | H39: 1.1146987 | I39: 1.0780358 | J39: 1.0897568 | K39: 1.1125094 | L39: 1.120067 | M39: 1.1204244 | N39: 1.1095401 | O39: 1.0740519 | P39: 1.0109127 | Q39: 0.94972964 | R39: NaN | S39: NaN | T39: 0.70444267 | U39: 0.59991016 | V39: 0.48679412 | W39: 0.3646866 | X39: 0.25695808 | Y39: NaN | Z39: NaN | AA39: NaN | AB39: NaN | AC39: NaN | AD39: NaN | AE39: NaN | AF39: NaN | AG39: NaN
A40: 372 | C40: 1.7806154 | D40: 1.6351183 | E40: 1.4501937 | F40: 1.3009442 | G40: 1.2327937 | H40: 1.183841 | I40: 1.1468784 | J40: 1.1391105 | K40: 1.1824666 | L40: 1.1866181 | M40: 1.1965816 | N40: 1.1898765 | O40: 1.15377 | P40: 1.0877321 | Q40: 1.025622 | R40: 0.9469866 | S40: NaN | T40: NaN | U40: 0.6596858 | V40: 0.54273518 | W40: 0.41569361 | X40: 0.30049998 | Y40: 0.20426877 | Z40: NaN | AA40: NaN | AB40: NaN | AC40: NaN | AD40: NaN | AE40: NaN | AF40: NaN | AG40: NaN
A41: 374 | C41: 1.8810167 | D41: 1.7352759 | E41: 1.5501457 | F41: 1.3925409 | G41: 1.3164815 | H41: 1.2433281 | I41: 1.2139343 | J41: 1.2024587 | K41: 1.246247 | L41: 1.2575728 | M41: 1.2765788 | N41: 1.2672193 | O41: 1.2321959 | P41: 1.1712583 | Q41: 1.1024677 | R41: 1.0136461 | S41: NaN | T41: NaN | U41: 0.72297077 | V41: 0.5944699 | W41: 0.46357391 | X41: 0.34241104 | Y41: 0.23682166 | Z41: NaN | AA41: NaN | AB41: NaN | AC41: NaN | AD41: NaN | AE41: NaN | AF41: NaN | AG41: NaN
A42: 376 | C42: 1.9728363 | D42: 1.8319503 | E42: 1.6590742 | F42: 1.4833017 | G42: 1.379313 | H42: 1.3076708 | I42: 1.264184 | J42: 1.270647 | K42: 1.2999539 | L42: 1.3266565 | M42: 1.3498165 | N42: 1.3390856 | O42: 1.3051811 | P42: 1.249805 | Q42: 1.171847 | R42: 1.0824283 | S42: NaN | T42: NaN | U42: 0.78481547 | V42: 0.65302302 | W42: 0.51638 | X42: 0.38896558 | Y42: 0.27245909 | Z42: 0.18471504 | AA42: NaN | AB42: NaN | AC42: NaN | AD42: NaN | AE42: NaN | AF42: NaN | AG42: NaN
A43: 378 | C43: 2.0739804 | D43: 1.9356126 | E43: 1.759543 | F43: 1.5635125 | G43: 1.4353395 | H43: 1.3762661 | I43: 1.3200448 | J43: 1.3308689 | K43: 1.3534865 | L43: 1.3898294 | M43: 1.4153546 | N43: 1.4091612 | O43: 1.376669 | P43: 1.3202942 | Q43: 1.2377357 | R43: 1.1543136 | S43: 1.0722092 | T43: NaN | U43: 0.85035787 | V43: 0.71786557 | W43: 0.57627862 | X43: 0.43694783 | Y43: 0.30728693 | Z43: 0.21405802 | AA43: NaN | AB43: NaN | AC43: NaN | AD43: NaN | AE43: NaN | AF43: NaN | AG43: NaN
A44: 380 | C44: 2.2314851 | D44: 2.0587123 | E44: 1.8474299 | F44: 1.6372791 | G44: 1.5154887 | H44: 1.434081 | I44: 1.4033615 | J44: 1.3895828 | K44: 1.4173017 | L44: 1.4531945 | M44: 1.480642 | N44: 1.4804213 | O44: 1.4539837 | P44: 1.3902732 | Q44: 1.3126019 | R44: 1.2275602 | S44: 1.1386048 | T44: NaN | U44: NaN | V44: 0.77687549 | W44: 0.63271172 | X44: 0.47813773 | Y44: 0.34485076 | Z44: 0.2473386 | AA44: NaN | AB44: NaN | AC44: NaN | AD44: NaN | AE44: NaN | AF44: NaN | AG44: NaN
A45: 382 | C45: 2.4210367 | D45: 2.1581693 | E45: 1.9683538 | F45: 1.7582976 | G45: 1.6106971 | H45: 1.516867 | I45: 1.4586223 | J45: 1.4777913 | K45: 1.4981155 | L45: 1.5354214 | M45: 1.5737164 | N45: 1.5704093 | O45: 1.5474853 | P45: 1.4810694 | Q45: 1.4010815 | R45: 1.3165985 | S45: 1.2181694 | T45: NaN | U45: NaN | V45: 0.84822891 | W45: 0.69128597 | X45: 0.54027111 | Y45: 0.39541899 | Z45: 0.28691536 | AA45: 0.19797392 | AB45: NaN | AC45: NaN | AD45: NaN | AE45: NaN | AF45: NaN | AG45: NaN
A46: 384 | C46: 2.4678564 | D46: 2.292668 | E46: 2.0685852 | F46: 1.8443881 | G46: 1.6971771 | H46: 1.5934925 | I46: 1.5330122 | J46: 1.5404425 | K46: 1.5799289 | L46: 1.6096542 | M46: 1.6354316 | N46: 1.6361195 | O46: 1.6237261 | P46: 1.5640952 | Q46: 1.4803539 | R46: 1.389053 | S46: 1.3021349 | T46: 1.1794771 | U46: NaN | V46: 0.91726997 | W46: 0.76204175 | X46: 0.5959308 | Y46: 0.4543169 | Z46: 0.33014951 | AA46: 0.22856845 | AB46: NaN | AC46: NaN | AD46: NaN | AE46: NaN | AF46: NaN | AG46: NaN
A47: 386 | C47: 2.6025615 | D47: 2.3953945 | E47: 2.1423269 | F47: 1.9348928 | G47: 1.788172 | H47: 1.6590262 | I47: 1.6079977 | J47: 1.6059874 | K47: 1.640794 | L47: 1.6854715 | M47: 1.7224003 | N47: 1.7323283 | O47: 1.6960185 | P47: 1.6365753 | Q47: 1.5545648 | R47: 1.4563979 | S47: 1.3727239 | T47: 1.2610585 | U47: NaN | V47: NaN | W47: 0.82150951 | X47: 0.66080316 | Y47: 0.51307971 | Z47: 0.38133196 | AA47: 0.26231166 | AB47: 0.18097329 | AC47: NaN | AD47: NaN | AE47: NaN | AF47: NaN | AG47: NaN
A48: 388 | C48: 2.7280599 | D48: 2.4778136 | E48: 2.2473919 | F48: 2.0210778 | G48: 1.8621545 | H48: 1.736329 | I48: 1.664925 | J48: 1.65341 | K48: 1.6922119 | L48: 1.7360346 | M48: 1.7813237 | N48: 1.8031186 | O48: 1.7670403 | P48: 1.6977962 | Q48: 1.6222543 | R48: 1.5268751 | S48: 1.4372712 | T48: 1.329394 | U48: NaN | V48: NaN | W48: 0.88012917 | X48: 0.71862656 | Y48: 0.56671188 | Z48: 0.42443109 | AA48: 0.30597793 | AB48: 0.211537 | AC48: NaN | AD48: NaN | AE48: NaN | AF48: NaN | AG48: NaN
A49: 390 | C49: 2.8175768 | D49: 2.5946786 | E49: 2.342999 | F49: 2.0936136 | G49: 1.9224316 | H49: 1.799721 | I49: 1.7150376 | J49: 1.6995676 | K49: 1.7412697 | L49: 1.773185 | M49: 1.824223 | N49: 1.8613063 | O49: 1.8285937 | P49: 1.7592048 | Q49: 1.6825093 | R49: 1.5884017 | S49: 1.4986307 | T49: 1.3857397 | U49: NaN | V49: NaN | W49: 0.93861176 | X49: 0.7760586 | Y49: 0.61427723 | Z49: 0.46905464 | AA49: 0.34583796 | AB49: 0.24479969 | AC49: NaN | AD49: NaN | AE49: NaN | AF49: NaN | AG49: NaN
A50: 392 | C50: 2.9249592 | D50: 2.7070162 | E50: 2.4336644 | F50: 2.172845 | G50: 1.9920429 | H50: 1.856904 | I50: 1.7759303 | J50: 1.7575934 | K50: 1.7871157 | L50: 1.8198687 | M50: 1.875683 | N50: 1.9179756 | O50: 1.891265 | P50: 1.8323569 | Q50: 1.7438766 | R50: 1.6512824 | S50: 1.5596348 | T50: 1.4421226 | U50: 1.3116652 | V50: NaN | W50: NaN | X50: 0.83694137 | Y50: 0.66999802 | Z50: 0.51880079 | AA50: 0.38767828 | AB50: 0.27889969 | AC50: 0.19381289 | AD50: NaN | AE50: NaN | AF50: NaN | AG50: NaN
A51: 394 | C51: 3.0495406 | D51: 2.8007774 | E51: 2.5321316 | F51: 2.2558219 | G51: 2.0647574 | H51: 1.9140106 | I51: 1.836061 | J51: 1.8178742 | K51: 1.8322813 | L51: 1.8755682 | M51: 1.9380071 | N51: 1.9738916 | O51: 1.9546287 | P51: 1.9006245 | Q51: 1.8051715 | R51: 1.7177509 | S51: 1.6147771 | T51: 1.5003364 | U51: 1.3725495 | V51: NaN | W51: NaN | X51: 0.89565366 | Y51: 0.73462273 | Z51: 0.572236 | AA51: 0.43619254 | AB51: 0.31630932 | AC51: 0.22540682 | AD51: NaN | AE51: NaN | AF51: NaN | AG51: NaN
A52: 396 | C52: 3.1202579 | D52: 2.9273344 | E52: 2.6223495 | F52: 2.3118325 | G52: 2.1096468 | H52: 1.9564698 | I52: 1.8681714 | J52: 1.861182 | K52: 1.8837627 | L52: 1.9199008 | M52: 1.9903932 | N52: 2.0280115 | O52: 2.0033918 | P52: 1.9380801 | Q52: 1.8537858 | R52: 1.7694151 | S52: 1.660277 | T52: 1.5527616 | U52: 1.4261205 | V52: NaN | W52: NaN | X52: 0.94886345 | Y52: 0.78956941 | Z52: 0.62930487 | AA52: 0.48319819 | AB52: 0.36092715 | AC52: 0.25537728 | AD52: 0.1733929 | AE52: NaN | AF52: NaN | AG52: NaN
A53: 398 | C53: 3.2258724 | D53: 2.9739307 | E53: 2.6827972 | F53: 2.3779704 | G53: 2.1682627 | H53: 1.993033 | I53: 1.91385 | J53: 1.8999987 | K53: 1.9145247 | L53: 1.9681056 | M53: 2.0237731 | N53: 2.0731406 | O53: 2.0571882 | P53: 1.9964243 | Q53: 1.8910896 | R53: 1.8038406 | S53: 1.725611 | T53: 1.6085752 | U53: 1.48557 | V53: 1.3371769 | W53: NaN | X53: NaN | Y53: 0.84198987 | Z53: 0.68848885 | AA53: 0.53549323 | AB53: 0.40213 | AC53: 0.29055684 | AD53: 0.20540554 | AE53: NaN | AF53: NaN | AG53: NaN
A54: 400 | C54: 3.3319123 | D54: 3.0322255 | E54: 2.7585374 | F54: 2.4583342 | G54: 2.2230621 | H54: 2.056705 | I54: 1.9592456 | J54: 1.9325194 | K54: 1.9590066 | L54: 2.0163741 | M54: 2.0707993 | N54: 2.115992 | O54: 2.0855689 | P54: 2.0291985 | Q54: 1.9557082 | R54: 1.8592821 | S54: 1.7674046 | T54: 1.6606082 | U54: 1.5343274 | V54: 1.3941379 | W54: NaN | X54: NaN | Y54: 0.89996675 | Z54: 0.73775192 | AA54: 0.57839464 | AB54: 0.44388136 | AC54: 0.3225978 | AD54: 0.22644143 | AE54: NaN | AF54: NaN | AG54: NaN
A55: 402 | C55: 3.4670413 | D55: 3.1696246 | E55: 2.8787925 | F55: 2.5727443 | G55: 2.3073378 | H55: 2.1287842 | I55: 2.0256237 | J55: 1.9987297 | K55: 2.0097268 | L55: 2.0667311 | M55: 2.1330001 | N55: 2.1703291 | O55: 2.1583627 | P55: 2.1013684 | Q55: 2.0276148 | R55: 1.9360218 | S55: 1.8400966 | T55: 1.7377716 | U55: 1.605131 | V55: 1.4641406 | W55: NaN | X55: NaN | Y55: 0.96703204 | Z55: 0.79604149 | AA55: 0.64282965 | AB55: 0.49735678 | AC55: 0.36836336 | AD55: 0.25972037 | AE55: 0.17982714 | AF55: NaN | AG55: NaN
A56: 404 | C56: 3.5504594 | D56: 3.303208 | E56: 3.0048834 | F56: 2.6768845 | G56: 2.4024808 | H56: 2.2119562 | I56: 2.0895289 | J56: 2.060972 | K56: 2.0853964 | L56: 2.1291536 | M56: 2.1882738 | N56: 2.2397787 | O56: 2.2307499 | P56: 2.1792707 | Q56: 2.0996741 | R56: 2.0046474 | S56: 1.9079431 | T56: 1.8182294 | U56: 1.6863398 | V56: 1.545661 | W56: 1.3818002 | X56: NaN | Y56: NaN | Z56: 0.86861178 | AA56: 0.70768642 | AB56: 0.55252737 | AC56: 0.41401884 | AD56: 0.29973759 | AE56: 0.20878454 | AF56: NaN | AG56: NaN
A57: 406 | C57: 3.6866116 | D57: 3.4139362 | E57: 3.1193702 | F57: 2.7789211 | G57: 2.4908145 | H57: 2.2891295 | I57: 2.1574642 | J57: 2.1226301 | K57: 2.1344942 | L57: 2.1854592 | M57: 2.2521124 | N57: 2.2987765 | O57: 2.2894072 | P57: 2.2439365 | Q57: 2.1601622 | R57: 2.0762813 | S57: 1.9722603 | T57: 1.8805048 | U57: 1.7536562 | V57: 1.6170477 | W57: 1.4539879 | X57: NaN | Y57: NaN | Z57: 0.94249588 | AA57: 0.77192522 | AB57: 0.60843575 | AC57: 0.46210664 | AD57: 0.34012685 | AE57: 0.23994692 | AF57: 0.16117919 | AG57: NaN
A58: 408 | C58: 3.8456925 | D58: 3.5194809 | E58: 3.2042711 | F58: 2.8695743 | G58: 2.5658854 | H58: 2.3565469 | I58: 2.2193254 | J58: 2.1786641 | K58: 2.1681669 | L58: 2.2300575 | M58: 2.3065515 | N58: 2.3473642 | O58: 2.3368713 | P58: 2.2943585 | Q58: 2.2118298 | R58: 2.1395734 | S58: 2.0368026 | T58: 1.9328571 | U58: 1.8128101 | V58: 1.6805503 | W58: 1.5215428 | X58: NaN | Y58: NaN | Z58: 1.0097128 | AA58: 0.83333054 | AB58: 0.66599239 | AC58: 0.51138452 | AD58: 0.38108123 | AE58: 0.2723543 | AF58: 0.18452056 | AG58: NaN
A59: 410 | C59: 3.9422798 | D59: 3.6277475 | E59: 3.2700105 | F59: 2.9457471 | G59: 2.636698 | H59: 2.4145782 | I59: 2.2654463 | J59: 2.222402 | K59: 2.2208347 | L59: 2.2685584 | M59: 2.3370325 | N59: 2.3955275 | O59: 2.3825275 | P59: 2.3388441 | Q59: 2.2638596 | R59: 2.1815104 | S59: 2.0974232 | T59: 1.9933666 | U59: 1.8799822 | V59: 1.7485992 | W59: 1.5808784 | X59: 1.4277125 | Y59: NaN | Z59: 1.0739782 | AA59: 0.8897629 | AB59: 0.72201732 | AC59: 0.5588893 | AD59: 0.42469612 | AE59: 0.30606815 | AF59: 0.21048373 | AG59: NaN
A60: 412 | C60: 4.0254916 | D60: 3.7085867 | E60: 3.3660582 | F60: 3.0424635 | G60: 2.7173035 | H60: 2.451069 | I60: 2.3144495 | J60: 2.2660603 | K60: 2.2602238 | L60: 2.2980614 | M60: 2.3815315 | N60: 2.4260912 | O60: 2.431784 | P60: 2.3805824 | Q60: 2.312613 | R60: 2.2259629 | S60: 2.1452153 | T60: 2.0547312 | U60: 1.9431529 | V60: 1.8099771 | W60: 1.6521894 | X60: 1.4904934 | Y60: NaN | Z60: NaN | AA60: 0.94718585 | AB60: 0.76937085 | AC60: 0.60804383 | AD60: 0.46679426 | AE60: 0.34051108 | AF60: 0.23739647 | AG60: 0.16332907
A61: 414 | C61: 4.0592845 | D61: 3.8223061 | E61: 3.4243146 | F61: 3.1075499 | G61: 2.7944827 | H61: 2.5243483 | I61: 2.3645664 | J61: 2.3124303 | K61: 2.3020129 | L61: 2.3336514 | M61: 2.4058513 | N61: 2.4543358 | O61: 2.4725495 | P61: 2.4308902 | Q61: 2.3594344 | R61: 2.279699 | S61: 2.1897672 | T61: 2.1148694 | U61: 2.0023912 | V61: 1.8588098 | W61: 1.7153215 | X61: 1.5532531 | Y61: NaN | Z61: NaN | AA61: 1.0144966 | AB61: 0.82874918 | AC61: 0.65570291 | AD61: 0.50450541 | AE61: 0.3798627 | AF61: 0.27053339 | AG61: 0.19406099
A62: 416 | C62: 4.2071053 | D62: 3.8924427 | E62: 3.5445893 | F62: 3.1727178 | G62: 2.8551365 | H62: 2.5839371 | I62: 2.4173449 | J62: 2.3466682 | K62: 2.3281436 | L62: 2.3778315 | M62: 2.4274855 | N62: 2.4855814 | O62: 2.4882586 | P62: 2.4738756 | Q62: 2.3932805 | R62: 2.3282368 | S62: 2.2347548 | T62: 2.1550742 | U62: 2.0545603 | V62: 1.916392 | W62: 1.7616688 | X62: 1.6143564 | Y62: 1.4477129 | Z62: NaN | AA62: 1.0755416 | AB62: 0.88952501 | AC62: 0.7135948 | AD62: 0.56111786 | AE62: 0.42290907 | AF62: 0.30251421 | AG62: 0.21866443
A63: 418 | C63: 4.2566328 | D63: 3.9758069 | E63: 3.6040577 | F63: 3.220553 | G63: 2.905791 | H63: 2.6492659 | I63: 2.4507044 | J63: 2.3720628 | K63: 2.3546194 | L63: 2.3886953 | M63: 2.4528719 | N63: 2.5165449 | O63: 2.5146568 | P63: 2.4890706 | Q63: 2.4224312 | R63: 2.3686838 | S63: 2.2761282 | T63: 2.1984062 | U63: 2.0933283 | V63: 1.9622993 | W63: 1.8219758 | X63: 1.6718935 | Y63: 1.4976132 | Z63: NaN | AA63: NaN | AB63: 0.9498054 | AC63: 0.76802772 | AD63: 0.60891091 | AE63: 0.46329487 | AF63: 0.3398471 | AG63: 0.24711578
A64: 420 | C64: 4.2847975 | D64: 4.0314583 | E64: 3.6457873 | F64: 3.2549556 | G64: 2.9636579 | H64: 2.6930818 | I64: 2.4866882 | J64: 2.3889419 | K64: 2.3796109 | L64: 2.3961632 | M64: 2.4662644 | N64: 2.5299651 | O64: 2.5248898 | P64: 2.5020521 | Q64: 2.4481599 | R64: 2.388032 | S64: 2.3151946 | T64: 2.239704 | U64: 2.1335267 | V64: 2.0080542 | W64: 1.8718976 | X64: 1.7236072 | Y64: 1.5513303 | Z64: NaN | AA64: NaN | AB64: 1.0024103 | AC64: 0.82269614 | AD64: 0.6575553 | AE64: 0.50356674 | AF64: 0.37867158 | AG64: 0.27592073
A65: 422 | C65: 4.3589395 | D65: 4.0903449 | E65: 3.7078744 | F65: 3.315908 | G65: 3.0201012 | H65: 2.7242073 | I65: 2.5344147 | J65: 2.4181486 | K65: 2.4048227 | L65: 2.4122104 | M65: 2.4800869 | N65: 2.5381521 | O65: 2.5334601 | P65: 2.5203233 | Q65: 2.4673345 | R65: 2.4047205 | S65: 2.3426107 | T65: 2.2731291 | U65: 2.1758577 | V65: 2.0562574 | W65: 1.9169446 | X65: 1.7695444 | Y65: 1.6022334 | Z65: NaN | AA65: NaN | AB65: 1.0560703 | AC65: 0.87816076 | AD65: 0.70570215 | AE65: 0.54746959 | AF65: 0.41700982 | AG65: 0.30759116
A66: 424 | C66: 4.4615036 | D66: 4.1611181 | E66: 3.7867827 | F66: 3.396818 | G66: 3.0739559 | H66: 2.757215 | I66: 2.5724258 | J66: 2.4586403 | K66: 2.4289543 | L66: 2.430899 | M66: 2.4923899 | N66: 2.5460907 | O66: 2.5528235 | P66: 2.5395277 | Q66: 2.4860633 | R66: 2.4312605 | S66: 2.3664271 | T66: 2.3028517 | U66: 2.2117974 | V66: 2.0953869 | W66: 1.9626446 | X66: 1.8146901 | Y66: 1.6487098 | Z66: 1.4877541 | AA66: NaN | AB66: NaN | AC66: 0.9311485 | AD66: 0.75147223 | AE66: 0.59420569 | AF66: 0.45367149 | AG66: 0.34131845
A67: 426 | C67: 4.5105784 | D67: 4.2068136 | E67: 3.8451786 | F67: 3.4453759 | G67: 3.1294157 | H67: 2.7927118 | I67: 2.5764631 | J67: 2.4827072 | K67: 2.4424517 | L67: 2.4418474 | M67: 2.4817007 | N67: 2.5408089 | O67: 2.5667981 | P67: 2.5493036 | Q67: 2.5084163 | R67: 2.4534662 | S67: 2.400443 | T67: 2.3333804 | U67: 2.2369695 | V67: 2.1161573 | W67: 1.9975554 | X67: 1.8601125 | Y67: 1.6997757 | Z67: 1.5286998 | AA67: NaN | AB67: NaN | AC67: 0.97822958 | AD67: 0.79950035 | AE67: 0.6391126 | AF67: 0.49016203 | AG67: 0.3732436
A68: 428 | C68: 4.5012598 | D68: 4.2810523 | E68: 3.8823541 | F68: 3.5075338 | G68: 3.1582536 | H68: 2.8485264 | I68: 2.6105927 | J68: 2.5058406 | K68: 2.4450665 | L68: 2.4610527 | M68: 2.4812794 | N68: 2.5453452 | O68: 2.5690048 | P68: 2.544339 | Q68: 2.5102263 | R68: 2.463055 | S68: 2.4133236 | T68: 2.3528294 | U68: 2.280203 | V68: 2.1601045 | W68: 2.0255168 | X68: 1.8928377 | Y68: 1.758235 | Z68: 1.584614 | AA68: NaN | AB68: NaN | AC68: 1.0272749 | AD68: 0.85793309 | AE68: 0.68569081 | AF68: 0.54009012 | AG68: 0.4147314
A69: 430 | C69: 4.5482331 | D69: 4.3213911 | E69: 3.9064914 | F69: 3.5511664 | G69: 3.1863109 | H69: 2.8619352 | I69: 2.6560193 | J69: 2.5163908 | K69: 2.4666372 | L69: 2.4518832 | M69: 2.5072393 | N69: 2.5532457 | O69: 2.556302 | P69: 2.5555188 | Q69: 2.516114 | R69: 2.4733752 | S69: 2.4338227 | T69: 2.3805141 | U69: 2.2952501 | V69: 2.1930769 | W69: 2.0764523 | X69: 1.9281916 | Y69: 1.7876088 | Z69: 1.6367417 | AA69: 1.4496612 | AB69: NaN | AC69: 1.0864966 | AD69: 0.90345245 | AE69: 0.74050518 | AF69: 0.57952345 | AG69: 0.45709238
A70: 432 | C70: 4.6384182 | D70: 4.320953 | E70: 3.9771946 | F70: 3.5977772 | G70: 3.2355079 | H70: 2.9086779 | I70: 2.7054632 | J70: 2.5449393 | K70: 2.4855635 | L70: 2.4611024 | M70: 2.5077059 | N70: 2.5603087 | O70: 2.5528886 | P70: 2.5676564 | Q70: 2.534567 | R70: 2.4838892 | S70: 2.4462947 | T70: 2.4033293 | U70: 2.3165589 | V70: 2.2230175 | W70: 2.110132 | X70: 1.9724831 | Y70: 1.8309312 | Z70: 1.6800849 | AA70: 1.4998652 | AB70: NaN | AC70: NaN | AD70: 0.95770334 | AE70: 0.78211971 | AF70: 0.62393968 | AG70: 0.49963706
A71: 434 | C71: 4.6892195 | D71: 4.376897 | E71: 4.0380897 | F71: 3.6497966 | G71: 3.299388 | H71: 2.9654294 | I71: 2.7376776 | J71: 2.5875815 | K71: 2.5122958 | L71: 2.4803403 | M71: 2.5173141 | N71: 2.5597086 | O71: 2.5698058 | P71: 2.5833628 | Q71: 2.5472875 | R71: 2.5110526 | S71: 2.4712311 | T71: 2.4317186 | U71: 2.3555977 | V71: 2.2615888 | W71: 2.149682 | X71: 2.0172801 | Y71: 1.8844785 | Z71: 1.7310877 | AA71: 1.557292 | AB71: NaN | AC71: NaN | AD71: 1.0118986 | AE71: 0.83328672 | AF71: 0.67895397 | AG71: 0.54497886
A72: 436 | C72: 4.7163454 | D72: 4.4348873 | E72: 4.0815381 | F72: 3.6876896 | G72: 3.348878 | H72: 3.0078003 | I72: 2.7688402 | J72: 2.6121318 | K72: 2.5254927 | L72: 2.494907 | M72: 2.5213485 | N72: 2.5510408 | O72: 2.5788309 | P72: 2.5820317 | Q72: 2.5530605 | R72: 2.5305718 | S72: 2.4904454 | T72: 2.4518094 | U72: 2.3813227 | V72: 2.2856427 | W72: 2.1779187 | X72: 2.0568553 | Y72: 1.9323418 | Z72: 1.7741621 | AA72: 1.6092586 | AB72: 1.4330544 | AC72: NaN | AD72: 1.0623003 | AE72: 0.88217331 | AF72: 0.7256095 | AG72: 0.58554122
A73: 438 | C73: 4.7438352 | D73: 4.4704042 | E73: 4.1158411 | F73: 3.7148792 | G73: 3.3770838 | H73: 3.0413534 | I73: 2.8036591 | J73: 2.6266214 | K73: 2.5343359 | L73: 2.5005773 | M73: 2.5155958 | N73: 2.5447997 | O73: 2.5705815 | P73: 2.570046 | Q73: 2.5511007 | R73: 2.5332712 | S73: 2.498285 | T73: 2.4656325 | U73: 2.3945311 | V73: 2.2990352 | W73: 2.1962279 | X73: 2.0888297 | Y73: 1.9656664 | Z73: 1.8086689 | AA73: 1.6487493 | AB73: 1.4803468 | AC73: NaN | AD73: NaN | AE73: 0.93012775 | AF73: 0.76563703 | AG73: 0.62497621
A74: 440 | C74: 4.7691612 | D74: 4.4898096 | E74: 4.1462624 | F74: 3.7463701 | G74: 3.3995751 | H74: 3.0770627 | I74: 2.8302724 | J74: 2.6446864 | K74: 2.554511 | L74: 2.4998551 | M74: 2.5101089 | N74: 2.5416035 | O74: 2.5557915 | P74: 2.5630153 | Q74: 2.5407568 | R74: 2.5288223 | S74: 2.5029605 | T74: 2.4780717 | U74: 2.4118531 | V74: 2.3194244 | W74: 2.2180792 | X74: 2.1155071 | Y74: 1.9885294 | Z74: 1.8456808 | AA74: 1.6820364 | AB74: 1.5194822 | AC74: NaN | AD74: NaN | AE74: 0.98445727 | AF74: 0.81310467 | AG74: 0.67117735
A75: 442 | C75: 4.7676731 | D75: 4.4662867 | E75: 4.1640975 | F75: 3.7766725 | G75: 3.4295924 | H75: 3.0950542 | I75: 2.8406534 | J75: 2.6307491 | K75: 2.5587514 | L75: 2.4910602 | M75: 2.5065758 | N75: 2.516748 | O75: 2.5402438 | P75: 2.5479334 | Q75: 2.5278987 | R75: 2.5232895 | S75: 2.5050888 | T75: 2.470785 | U75: 2.4185018 | V75: 2.3376187 | W75: 2.2373887 | X75: 2.1431307 | Y75: 2.0135879 | Z75: 1.8829827 | AA75: 1.723025 | AB75: 1.5504499 | AC75: NaN | AD75: NaN | AE75: 1.0326885 | AF75: 0.864102 | AG75: 0.71853301
A76: 444 | C76: 4.7488627 | D76: 4.4807958 | E76: 4.1283098 | F76: 3.8030934 | G76: 3.445925 | H76: 3.119781 | I76: 2.8650817 | J76: 2.6688501 | K76: 2.547763 | L76: 2.4831788 | M76: 2.4960957 | N76: 2.5232732 | O76: 2.5292912 | P76: 2.546289 | Q76: 2.5212628 | R76: 2.5082967 | S76: 2.4998254 | T76: 2.4714899 | U76: 2.4258837 | V76: 2.3524737 | W76: 2.2553649 | X76: 2.1662556 | Y76: 2.0436258 | Z76: 1.9081311 | AA76: 1.7615322 | AB76: 1.5928404 | AC76: 1.424306 | AD76: NaN | AE76: NaN | AF76: 0.90458385 | AG76: 0.75307014
A77: 446 | C77: 4.8175518 | D77: 4.5228209 | E77: 4.178182 | F77: 3.8199891 | G77: 3.4539552 | H77: 3.1496417 | I77: 2.8761868 | J77: 2.6752442 | K77: 2.553612 | L77: 2.4737336 | M77: 2.4819683 | N77: 2.5031959 | O77: 2.5174221 | P77: 2.5096742 | Q77: 2.4885114 | R77: 2.4970062 | S77: 2.4906894 | T77: 2.4745569 | U77: 2.4203524 | V77: 2.3466995 | W77: 2.2529196 | X77: 2.1711211 | Y77: 2.0604115 | Z77: 1.9294516 | AA77: 1.7941502 | AB77: 1.6346877 | AC77: 1.4627419 | AD77: NaN | AE77: NaN | AF77: 0.94820729 | AG77: 0.79569941
A78: 448 | C78: 4.7734452 | D78: 4.5108912 | E78: 4.1755793 | F78: 3.805451 | G78: 3.4670062 | H78: 3.1474832 | I78: 2.8789283 | J78: 2.6799769 | K78: 2.5422273 | L78: 2.4622359 | M78: 2.4577515 | N78: 2.4789698 | O78: 2.4872285 | P78: 2.4864228 | Q78: 2.4707885 | R78: 2.4740712 | S78: 2.4656849 | T78: 2.4497217 | U78: 2.4073393 | V78: 2.3326011 | W78: 2.2476177 | X78: 2.1686737 | Y78: 2.0725341 | Z78: 1.9389181 | AA78: 1.8101308 | AB78: 1.6592051 | AC78: 1.4921275 | AD78: NaN | AE78: NaN | AF78: 0.98120474 | AG78: 0.8321231
A79: 450 | C79: 4.7179064 | D79: 4.4663263 | E79: 4.17754 | F79: 3.7938249 | G79: 3.4795718 | H79: 3.1472496 | I79: 2.8747154 | J79: 2.6815005 | K79: 2.5359286 | L79: 2.4501757 | M79: 2.4355549 | N79: 2.4511966 | O79: 2.4592959 | P79: 2.4708516 | Q79: 2.456552 | R79: 2.4472573 | S79: 2.4474202 | T79: 2.4303764 | U79: 2.3961882 | V79: 2.321208 | W79: 2.2480204 | X79: 2.1716453 | Y79: 2.0809876 | Z79: 1.9571344 | AA79: 1.8255053 | AB79: 1.6819539 | AC79: 1.5206451 | AD79: 1.3581787 | AE79: NaN | AF79: NaN | AG79: 0.86423145
A80: 452 | C80: 4.6991215 | D80: 4.4372918 | E80: 4.1741807 | F80: 3.8018164 | G80: 3.4947901 | H80: 3.1541372 | I80: 2.8704484 | J80: 2.6749453 | K80: 2.5305202 | L80: 2.4368279 | M80: 2.4172476 | N80: 2.4249988 | O80: 2.434881 | P80: 2.4445669 | Q80: 2.4356913 | R80: 2.4232413 | S80: 2.4316704 | T80: 2.4192046 | U80: 2.3844025 | V80: 2.3164865 | W80: 2.247686 | X80: 2.1684612 | Y80: 2.083134 | Z80: 1.9774539 | AA80: 1.8405707 | AB80: 1.7022771 | AC80: 1.5435756 | AD80: 1.3850514 | AE80: NaN | AF80: NaN | AG80: 0.89757093
A81: 454 | C81: 4.7072394 | D81: 4.4348913 | E81: 4.1465085 | F81: 3.8244987 | G81: 3.5134288 | H81: 3.1581808 | I81: 2.8747158 | J81: 2.6656836 | K81: 2.5254363 | L81: 2.4219453 | M81: 2.4011464 | N81: 2.400385 | O81: 2.4061657 | P81: 2.406814 | Q81: 2.4107806 | R81: 2.401103 | S81: 2.4102752 | T81: 2.4054172 | U81: 2.3646285 | V81: 2.3130022 | W81: 2.2413419 | X81: 2.1598724 | Y81: 2.0807036 | Z81: 1.9863489 | AA81: 1.8511852 | AB81: 1.7202348 | AC81: 1.5635964 | AD81: 1.4086257 | AE81: NaN | AF81: NaN | AG81: 0.93380611
A82: 456 | C82: 4.7166204 | D82: 4.4223238 | E82: 4.128875 | F82: 3.8373383 | G82: 3.5196177 | H82: 3.1600232 | I82: 2.8893299 | J82: 2.6671554 | K82: 2.537969 | L82: 2.407776 | M82: 2.3867473 | N82: 2.3699349 | O82: 2.3731398 | P82: 2.3799192 | Q82: 2.389951 | R82: 2.3745091 | S82: 2.3912536 | T82: 2.3879214 | U82: 2.3356265 | V82: 2.3003198 | W82: 2.2347438 | X82: 2.1702898 | Y82: 2.0809079 | Z82: 1.9858382 | AA82: 1.8619564 | AB82: 1.7453223 | AC82: 1.5963751 | AD82: 1.4410369 | AE82: 1.2864506 | AF82: NaN | AG82: 0.96752775
A83: 458 | C83: 4.6674674 | D83: 4.4428682 | E83: 4.1251551 | F83: 3.767745 | G83: 3.472974 | H83: 3.1706716 | I83: 2.8938113 | J83: 2.6627973 | K83: 2.5141514 | L83: 2.3963674 | M83: 2.3535807 | N83: 2.354283 | O83: 2.3427463 | P83: 2.3530564 | Q83: 2.3507472 | R83: 2.3480324 | S83: 2.3665883 | T83: 2.3537929 | U83: 2.3117552 | V83: 2.2809759 | W83: 2.2247526 | X83: 2.1562394 | Y83: 2.0766718 | Z83: 1.9808528 | AA83: 1.8765315 | AB83: 1.7472439 | AC83: 1.612721 | AD83: 1.4606983 | AE83: 1.3065105 | AF83: NaN | AG83: NaN
A84: 460 | C84: 4.6598536 | D84: 4.3803807 | E84: 4.120906 | F84: 3.7718027 | G84: 3.4838099 | H84: 3.1539287 | I84: 2.8772399 | J84: 2.6591107 | K84: 2.5135247 | L84: 2.3846872 | M84: 2.3417616 | N84: 2.3167545 | O84: 2.3231491 | P84: 2.3230484 | Q84: 2.325497 | R84: 2.3178753 | S84: 2.3315989 | T84: 2.3196978 | U84: 2.3031071 | V84: 2.266716 | W84: 2.2077894 | X84: 2.1412836 | Y84: 2.0707828 | Z84: 1.9833563 | AA84: 1.8816107 | AB84: 1.7615744 | AC84: 1.6215068 | AD84: 1.4824561 | AE84: 1.3291475 | AF84: NaN | AG84: NaN
A85: 462 | C85: 4.5942999 | D85: 4.3686311 | E85: 4.0609728 | F85: 3.7640614 | G85: 3.4723993 | H85: 3.1499483 | I85: 2.8770396 | J85: 2.6481583 | K85: 2.5026686 | L85: 2.3677876 | M85: 2.3163907 | N85: 2.290212 | O85: 2.2856768 | P85: 2.2849339 | Q85: 2.289277 | R85: 2.2880479 | S85: 2.2984649 | T85: 2.3005018 | U85: 2.2761301 | V85: 2.2421112 | W85: 2.1848918 | X85: 2.1348661 | Y85: 2.0612397 | Z85: 1.974192 | AA85: 1.8774819 | AB85: 1.7636846 | AC85: 1.628188 | AD85: 1.4931594 | AE85: 1.3427161 | AF85: 1.1806575 | AG85: NaN
A86: 464 | C86: 4.5088821 | D86: 4.3239283 | E86: 4.0126119 | F86: 3.7358316 | G86: 3.4432032 | H86: 3.1337694 | I86: 2.8604847 | J86: 2.6290545 | K86: 2.469549 | L86: 2.3411183 | M86: 2.2762557 | N86: 2.2606395 | O86: 2.2411705 | P86: 2.2515249 | Q86: 2.2496135 | R86: 2.2480998 | S86: 2.2617705 | T86: 2.268263 | U86: 2.2419325 | V86: 2.2083369 | W86: 2.1554566 | X86: 2.1113959 | Y86: 2.0405219 | Z86: 1.9606413 | AA86: 1.8667332 | AB86: 1.7647348 | AC86: 1.6333233 | AD86: 1.4985452 | AE86: 1.3552882 | AF86: 1.2005603 | AG86: NaN
A87: 466 | C87: 4.4546801 | D87: 4.2482404 | E87: 3.9713186 | F87: 3.7064719 | G87: 3.407847 | H87: 3.1066778 | I87: 2.8324097 | J87: 2.6099733 | K87: 2.4382713 | L87: 2.3136612 | M87: 2.233911 | N87: 2.2207989 | O87: 2.2021403 | P87: 2.2152981 | Q87: 2.2121457 | R87: 2.2073596 | S87: 2.2207563 | T87: 2.2261964 | U87: 2.205088 | V87: 2.1688299 | W87: 2.1219966 | X87: 2.0779233 | Y87: 2.020981 | Z87: 1.9426067 | AA87: 1.8525827 | AB87: 1.7620305 | AC87: 1.6343629 | AD87: 1.5035181 | AE87: 1.3646944 | AF87: 1.213203 | AG87: NaN
A88: 468 | C88: 4.4273209 | D88: 4.1698009 | E88: 3.9232384 | F88: 3.6777994 | G88: 3.3806958 | H88: 3.0835828 | I88: 2.8100813 | J88: 2.5962245 | K88: 2.4212266 | L88: 2.2910698 | M88: 2.1998617 | N88: 2.1798275 | O88: 2.1719229 | P88: 2.1701319 | Q88: 2.1731873 | R88: 2.1724642 | S88: 2.1820265 | T88: 2.1855855 | U88: 2.1695357 | V88: 2.1311864 | W88: 2.0927099 | X88: 2.0494279 | Y88: 2.0041669 | Z88: 1.9252109 | AA88: 1.8429348 | AB88: 1.7557698 | AC88: 1.6337249 | AD88: 1.5101183 | AE88: 1.3690563 | AF88: 1.2173416 | AG88: NaN
A89: 470 | C89: 4.3797658 | D89: 4.1101477 | E89: 3.8785021 | F89: 3.6312567 | G89: 3.3648668 | H89: 3.07135 | I89: 2.7974609 | J89: 2.5836005 | K89: 2.4001605 | L89: 2.2675352 | M89: 2.1770381 | N89: 2.1497375 | O89: 2.1416643 | P89: 2.1249516 | Q89: 2.1259361 | R89: 2.1365659 | S89: 2.1499614 | T89: 2.1487801 | U89: 2.138393 | V89: 2.102059 | W89: 2.0704618 | X89: 2.0278773 | Y89: 1.9765657 | Z89: 1.9148593 | AA89: 1.8427574 | AB89: 1.7514554 | AC89: 1.6360069 | AD89: 1.5145846 | AE89: 1.3707401 | AF89: 1.2209851 | AG89: 1.0911022
A90: 472 | C90: 4.350316 | D90: 4.1323121 | E90: 3.8431339 | F90: 3.5923382 | G90: 3.3245894 | H90: 3.04988 | I90: 2.7768144 | J90: 2.5646909 | K90: 2.3587359 | L90: 2.2366195 | M90: 2.1739992 | N90: 2.1073052 | O90: 2.099042 | P90: 2.1032783 | Q90: 2.0866343 | R90: 2.094181 | S90: 2.1052427 | T90: 2.1147254 | U90: 2.1033452 | V90: 2.0745065 | W90: 2.0262085 | X90: 1.9999206 | Y90: 1.9511256 | Z90: 1.8907301 | AA90: 1.8324164 | AB90: 1.7384662 | AC90: 1.6317645 | AD90: 1.503628 | AE90: 1.3690562 | AF90: 1.2253418 | AG90: 1.105743
A91: 474 | C91: 4.2225866 | D91: 4.058571 | E91: 3.7782064 | F91: 3.5362285 | G91: 3.3000978 | H91: 3.0062095 | I91: 2.7530872 | J91: 2.5179817 | K91: 2.3478609 | L91: 2.2118271 | M91: 2.1286878 | N91: 2.0823536 | O91: 2.0616857 | P91: 2.0587413 | Q91: 2.0534248 | R91: 2.0615908 | S91: 2.0669989 | T91: 2.0818321 | U91: 2.0689153 | V91: 2.0419091 | W91: 2.0026397 | X91: 1.9632817 | Y91: 1.9238547 | Z91: 1.8695047 | AA91: 1.8047498 | AB91: 1.7149803 | AC91: 1.6152549 | AD91: 1.4985564 | AE91: 1.3668716 | AF91: 1.2400289 | AG91: 1.1043948
A92: 476 | C92: 4.1751755 | D92: 4.0083291 | E92: 3.7753799 | F92: 3.5060136 | G92: 3.2698873 | H92: 2.9763966 | I92: 2.7412509 | J92: 2.5087626 | K92: 2.3240879 | L92: 2.187562 | M92: 2.0977261 | N92: 2.0593887 | O92: 2.0278593 | P92: 2.0247954 | Q92: 2.010086 | R92: 2.0189173 | S92: 2.0257665 | T92: 2.0369188 | U92: 2.0240469 | V92: 1.996317 | W92: 1.9677797 | X92: 1.9343096 | Y92: 1.8979416 | Z92: 1.8447253 | AA92: 1.7838412 | AB92: 1.7026746 | AC92: 1.6052183 | AD92: 1.4917452 | AE92: 1.3701164 | AF92: 1.2408871 | AG92: 1.1099322
A93: 478 | C93: 4.0958582 | D93: 3.922495 | E93: 3.7161306 | F93: 3.4477806 | G93: 3.2264586 | H93: 2.9564826 | I93: 2.7127136 | J93: 2.4772525 | K93: 2.3025452 | L93: 2.1536422 | M93: 2.0636811 | N93: 2.0247027 | O93: 1.988992 | P93: 1.9797494 | Q93: 1.9666235 | R93: 1.9762647 | S93: 1.9884807 | T93: 1.994416 | U93: 1.9872463 | V93: 1.9522093 | W93: 1.9356611 | X93: 1.9049085 | Y93: 1.8655069 | Z93: 1.8189014 | AA93: 1.7576073 | AB93: 1.6832783 | AC93: 1.5931111 | AD93: 1.4825693 | AE93: 1.3675648 | AF93: 1.2364417 | AG93: 1.115828
A94: 480 | C94: 4.0406775 | D94: 3.8667766 | E94: 3.6439436 | F94: 3.4000222 | G94: 3.1854295 | H94: 2.92866 | I94: 2.6914536 | J94: 2.4466043 | K94: 2.2816031 | L94: 2.1350027 | M94: 2.0352457 | N94: 1.9936428 | O94: 1.9523322 | P94: 1.9368029 | Q94: 1.9306005 | R94: 1.937971 | S94: 1.9523334 | T94: 1.9560587 | U94: 1.9515145 | V94: 1.9215622 | W94: 1.9022735 | X94: 1.8736121 | Y94: 1.8364178 | Z94: 1.7966373 | AA94: 1.7386581 | AB94: 1.6656688 | AC94: 1.5826042 | AD94: 1.4749657 | AE94: 1.3654692 | AF94: 1.2340597 | AG94: 1.1197735
A95: 482 | C95: 4.0111715 | D95: 3.8447963 | E95: 3.6039986 | F95: 3.3845202 | G95: 3.1646547 | H95: 2.9028974 | I95: 2.67423 | J95: 2.4307072 | K95: 2.2629993 | L95: 2.1289153 | M95: 2.0128341 | N95: 1.9655989 | O95: 1.9274382 | P95: 1.9055002 | Q95: 1.902116 | R95: 1.9067742 | S95: 1.9177952 | T95: 1.9212895 | U95: 1.9166832 | V95: 1.8971413 | W95: 1.8704548 | X95: 1.845942 | Y95: 1.8182267 | Z95: 1.7787414 | AA95: 1.7253117 | AB95: 1.6535716 | AC95: 1.5732638 | AD95: 1.4699411 | AE95: 1.3659728 | AF95: 1.2359113 | AG95: 1.1229889
A96: 484 | C96: 3.9416136 | D96: 3.7922392 | E96: 3.5779118 | F96: 3.3693148 | G96: 3.1563563 | H96: 2.8949783 | I96: 2.6338004 | J96: 2.4096634 | K96: 2.2467585 | L96: 2.10367 | M96: 1.9866976 | N96: 1.9265105 | O96: 1.9091378 | P96: 1.8785098 | Q96: 1.8721706 | R96: 1.8787786 | S96: 1.8859765 | T96: 1.8886434 | U96: 1.8879893 | V96: 1.8627971 | W96: 1.8455752 | X96: 1.8226069 | Y96: 1.8024629 | Z96: 1.7590474 | AA96: 1.7019555 | AB96: 1.6378225 | AC96: 1.5586729 | AD96: 1.4638321 | AE96: 1.3606087 | AF96: 1.2374695 | AG96: 1.124392
A97: 486 | C97: NaN | D97: 3.7491853 | E97: 3.527005 | F97: 3.3142775 | G97: 3.1075795 | H97: 2.8596895 | I97: 2.60548 | J97: 2.3789181 | K97: 2.2112745 | L97: 2.0607584 | M97: 1.9709393 | N97: 1.8998954 | O97: 1.866389 | P97: 1.8494059 | Q97: 1.8305944 | R97: 1.8368061 | S97: 1.8480114 | T97: 1.85438 | U97: 1.8499714 | V97: 1.8323659 | W97: 1.8110343 | X97: 1.7844952 | Y97: 1.7649879 | Z97: 1.7298624 | AA97: 1.6804603 | AB97: 1.6174865 | AC97: 1.5428432 | AD97: 1.4563678 | AE97: 1.3431227 | AF97: 1.232371 | AG97: 1.1150306
A98: 488 | C98: NaN | D98: 3.6994891 | E98: 3.4792369 | F98: 3.2338331 | G98: 3.0588521 | H98: 2.8281479 | I98: 2.5948888 | J98: 2.3634434 | K98: 2.1985004 | L98: 2.0407057 | M98: 1.9354582 | N98: 1.8802572 | O98: 1.8318025 | P98: 1.8146057 | Q98: 1.8102013 | R98: 1.797924 | S98: 1.8125814 | T98: 1.8155072 | U98: 1.8078704 | V98: 1.796257 | W98: 1.7872418 | X98: 1.7486905 | Y98: 1.7359963 | Z98: 1.7062208 | AA98: 1.648979 | AB98: 1.597527 | AC98: 1.517336 | AD98: 1.437487 | AE98: 1.3291356 | AF98: 1.2301929 | AG98: 1.1186834
A99: 490 | C99: NaN | D99: 3.6508136 | E99: 3.4026912 | F99: 3.2085266 | G99: 3.0002448 | H99: 2.7843001 | I99: 2.5672209 | J99: 2.3404554 | K99: 2.1738018 | L99: 2.0177983 | M99: 1.8958859 | N99: 1.8526555 | O99: 1.794244 | P99: 1.7788767 | Q99: 1.7733567 | R99: 1.764071 | S99: 1.7740185 | T99: 1.7802486 | U99: 1.7705004 | V99: 1.7617622 | W99: 1.7434644 | X99: 1.7246054 | Y99: 1.7093942 | Z99: 1.6720485 | AA99: 1.6315562 | AB99: 1.5771258 | AC99: 1.4970255 | AD99: 1.4193417 | AE99: 1.3185888 | AF99: 1.2168462 | AG99: 1.1119642
A100: 492 | C100: NaN | D100: 3.5550794 | E100: 3.3610331 | F100: 3.148835 | G100: 2.9571513 | H100: 2.7435637 | I100: 2.5176457 | J100: 2.3189834 | K100: 2.1374481 | L100: 1.9902962 | M100: 1.8706683 | N100: 1.8130082 | O100: 1.7660888 | P100: 1.7475027 | Q100: 1.7286505 | R100: 1.7276622 | S100: 1.7324649 | T100: 1.7369523 | U100: 1.7321873 | V100: 1.720184 | W100: 1.7062917 | X100: 1.6902803 | Y100: 1.6668944 | Z100: 1.6367895 | AA100: 1.600981 | AB100: 1.5488232 | AC100: 1.4764774 | AD100: 1.4019018 | AE100: 1.31028 | AF100: 1.2055588 | AG100: 1.0998361
...

Sheet DOC (mg L^-1)
A1: Spring_freshet_t0 | B1: Spring_freshet_t10 | C1: Spring_freshet_t10_dark_control | D1: Late_summer_t0 | E1: Late_summer_t7 | F1: Late_summer_t7_dark_control | G1: Under_ice_t0 | H1: Under_ice_t6 | I1: Under_ice_t6_dark_control
A2: 10.8 | B2: 9.23 | C2: 10.62 | D2: 5.72 | E2: 5.41 | F2: 5.48 | G2: 2.72 | H2: 2.36 | I2: 2.78

Sheet Lignin
B1: Spring_freshet_t0 | C1: Spring_freshet_t10 | D1: Late_summer_t0 | E1: Late_summer_t7 | F1: Under_ice_t0 | G1: Under_ice_t6
A2: Σ8 (µg L-1) | B2: 47.4 | C2: 20.6 | D2: 6 | E2: 2.8 | F2: 2.7 | G2: 2.6
A3: Λ8 (mg (100 mg OC)-1) | B3: 0.44 | C3: 0.22 | D3: 0.11 | E3: 0.05 | F3: 0.1 | G3: 0.11
A4: S:V | B4: 0.28 | C4: 0.18 | D4: 0.25 | E4: 0.22 | F4: 0.31 | G4: -
A5: C:V | B5: 0.02 | C5: 0.13 | D5: 0.04 | E5: 0.38 | F5: 0.58 | G5: -
A6: P:V | B6: 0.62 | C6: 0.69 | D6: 1.75 | E6: 3.1 | F6: 3.63 | G6: -
A7: (Ad:Al)v | B7: 2.32 | C7: 3.12 | D7: 2.1 | E7: 2.31 | F7: 1.7 | G7: -
A8: (Ad:Al)s | B8: 1.17 | C8: 0.91 | D8: 0.95 | E8: 0.88 | F8: 0.9 | G8: -

Sheet FT ICR-MS 
B1: Spring_freshet_t0 | C1: Spring_freshet_t10 | D1: Late_summer_t0 | E1: Late_summer_t7 | F1: Under_ice_t0 | G1: Under_ice_t6
A2: Mass (Da) | B2: 502.9 | C2: 481.4 | D2: 487.7 | E2: 473.7 | F2: 478.3 | G2: 461.1
A3: Number of molecular formulae | B3: 10599 | C3: 9893 | D3: 9854 | E3: 9037 | F3: 10615 | G3: 8962
A4: H:C | B4: 1.05 | C4: 1.1 | D4: 1.04 | E4: 1.1 | F4: 1.09 | G4: 1.16
A5: O:C | B5: 0.51 | C5: 0.51 | D5: 0.51 | E5: 0.52 | F5: 0.49 | G5: 0.49
A6: AImod | B6: 0.34 | C6: 0.29 | D6: 0.33 | E6: 0.28 | F6: 0.3 | G6: 0.26
A7: Condensed aromatic (%RA) | B7: 3.5 | C7: 2.2 | D7: 2.8 | E7: 1.5 | F7: 1.1 | G7: 0.6
A8: Polyphenolic (%RA) | B8: 16.2 | C8: 11.2 | D8: 14.8 | E8: 9.2 | F8: 10 | G8: 5.9
A9: HUP, low O (%RA) | B9: 33 | C9: 32.5 | D9: 32.4 | E9: 31.1 | F9: 38.7 | G9: 37.8
A10: HUP, high O (%RA) | B10: 42.6 | C10: 47.1 | D10: 46.7 | E10: 52.5 | F10: 46.1 | G10: 48.3
A11: Aliphatic (%RA) | B11: 4.7 | C11: 7 | D11: 3.3 | E11: 5.8 | F11: 4.1 | G11: 7.5
